Wk,Day,Date,Time,Home,Home_xG,Score,Away_xG,Away,Attendance,Venue,Referee,Match Report,Notes,Home_Score,Away_Score,Home_Team,Away_Team,Home_Team_xG,Home_Team_xGA,Home_Team_GD,Home_Team_Pts,Away_Team_xG,Away_Team_xGA,Away_Team_GD,Away_Team_Pts,xG_Diff,Underdog_Overperformance,Home_Advantage_xG,Away_Advantage_xG
1.0,Fri,2019-08-09,20:00,Liverpool,1.8,4–1,0.9,Norwich City,53333.0,Anfield,Michael Oliver,Match Report,,4.0,1.0,Liverpool,Norwich City,68.9,37.7,52.0,99.0,37.0,66.5,-49.0,21.0,0.9,False,31.900000000000006,-31.900000000000006
1.0,Sat,2019-08-10,12:30,West Ham,1.1,0–5,3.2,Manchester City,59870.0,London Stadium,Mike Dean,Match Report,,0.0,5.0,West Ham,Manchester City,48.6,63.8,-13.0,39.0,92.0,36.2,67.0,81.0,-2.1,False,-43.4,43.4
1.0,Sat,2019-08-10,15:00,Burnley,0.9,3–0,1.2,Southampton,19784.0,Turf Moor,Graham Scott,Match Report,,3.0,0.0,Burnley,Southampton,47.4,49.8,-7.0,54.0,56.1,52.8,-9.0,52.0,-0.29999999999999993,True,-8.700000000000003,8.700000000000003
1.0,Sat,2019-08-10,15:00,Watford,0.7,0–3,0.8,Brighton,20245.0,Vicarage Road Stadium,Craig Pawson,Match Report,,0.0,3.0,Watford,Brighton,48.9,58.1,-28.0,34.0,45.4,55.0,-15.0,41.0,-0.10000000000000009,False,3.5,-3.5
1.0,Sat,2019-08-10,15:00,Crystal Palace,0.9,0–0,1.1,Everton,25151.0,Selhurst Park,Jonathan Moss,Match Report,,0.0,0.0,Crystal Palace,Everton,35.8,57.0,-19.0,43.0,50.8,48.3,-12.0,49.0,-0.20000000000000007,False,-15.0,15.0
1.0,Sat,2019-08-10,15:00,Bournemouth,1.3,1–1,1.3,Sheffield Utd,10714.0,Vitality Stadium,Kevin Friend,Match Report,,1.0,1.0,Bournemouth,Sheffield Utd,44.8,62.3,-25.0,34.0,43.0,51.0,0.0,54.0,0.0,False,1.7999999999999972,-1.7999999999999972
1.0,Sat,2019-08-10,17:30,Tottenham,2.4,3–1,0.7,Aston Villa,60407.0,Tottenham Hotspur Stadium,Chris Kavanagh,Match Report,,3.0,1.0,Tottenham,Aston Villa,47.9,54.2,14.0,59.0,44.3,67.8,-26.0,35.0,1.7,False,3.6000000000000014,-3.6000000000000014
1.0,Sun,2019-08-11,14:00,Newcastle Utd,0.4,0–1,1.1,Arsenal,47635.0,St. James' Park,Martin Atkinson,Match Report,,0.0,1.0,Newcastle Utd,Arsenal,35.5,65.6,-20.0,44.0,47.0,55.3,8.0,56.0,-0.7000000000000001,False,-11.5,11.5
1.0,Sun,2019-08-11,14:00,Leicester City,0.7,0–0,0.7,Wolves,32015.0,King Power Stadium,Andre Marriner,Match Report,,0.0,0.0,Leicester City,Wolves,62.2,45.5,26.0,62.0,54.1,38.0,11.0,59.0,0.0,False,8.100000000000001,-8.100000000000001
1.0,Sun,2019-08-11,16:30,Manchester Utd,2.2,4–0,1.0,Chelsea,73620.0,Old Trafford,Anthony Taylor,Match Report,,4.0,0.0,Manchester Utd,Chelsea,62.2,37.7,30.0,66.0,69.2,38.6,15.0,66.0,1.2000000000000002,False,-7.0,7.0
,,,,,,,,,,,,,,,,,,,,,,,,,,,False,,
2.0,Sat,2019-08-17,12:30,Arsenal,0.8,2–1,1.5,Burnley,60214.0,Emirates Stadium,Mike Dean,Match Report,,2.0,1.0,Arsenal,Burnley,47.0,55.3,8.0,56.0,47.4,49.8,-7.0,54.0,-0.7,True,-0.3999999999999986,0.3999999999999986
2.0,Sat,2019-08-17,15:00,Norwich City,1.7,3–1,0.9,Newcastle Utd,27059.0,Carrow Road,Stuart Attwell,Match Report,,3.0,1.0,Norwich City,Newcastle Utd,37.0,66.5,-49.0,21.0,35.5,65.6,-20.0,44.0,0.7999999999999999,False,1.5,-1.5
2.0,Sat,2019-08-17,15:00,Aston Villa,2.0,1–2,1.6,Bournemouth,40996.0,Villa Park,Martin Atkinson,Match Report,,1.0,2.0,Aston Villa,Bournemouth,44.3,67.8,-26.0,35.0,44.8,62.3,-25.0,34.0,0.3999999999999999,True,-0.5,0.5
2.0,Sat,2019-08-17,15:00,Brighton,2.0,1–1,0.8,West Ham,30459.0,The American Express Community Stadium,Anthony Taylor,Match Report,,1.0,1.0,Brighton,West Ham,45.4,55.0,-15.0,41.0,48.6,63.8,-13.0,39.0,1.2,False,-3.200000000000003,3.200000000000003
2.0,Sat,2019-08-17,15:00,Southampton,1.9,1–2,1.3,Liverpool,31712.0,St. Mary's Stadium,Andre Marriner,Match Report,,1.0,2.0,Southampton,Liverpool,56.1,52.8,-9.0,52.0,68.9,37.7,52.0,99.0,0.5999999999999999,True,-12.800000000000004,12.800000000000004
2.0,Sat,2019-08-17,15:00,Everton,0.7,1–0,1.2,Watford,39066.0,Goodison Park,Lee Mason,Match Report,,1.0,0.0,Everton,Watford,50.8,48.3,-12.0,49.0,48.9,58.1,-28.0,34.0,-0.5,True,1.8999999999999986,-1.8999999999999986
2.0,Sat,2019-08-17,17:30,Manchester City,2.9,2–2,0.1,Tottenham,54503.0,Etihad Stadium,Michael Oliver,Match Report,,2.0,2.0,Manchester City,Tottenham,92.0,36.2,67.0,81.0,47.9,54.2,14.0,59.0,2.8,False,44.1,-44.1
2.0,Sun,2019-08-18,14:00,Sheffield Utd,2.2,1–0,0.3,Crystal Palace,30197.0,Bramall Lane,David Coote,Match Report,,1.0,0.0,Sheffield Utd,Crystal Palace,43.0,51.0,0.0,54.0,35.8,57.0,-19.0,43.0,1.9000000000000001,False,7.200000000000003,-7.200000000000003
2.0,Sun,2019-08-18,16:30,Chelsea,1.1,1–1,0.8,Leicester City,40629.0,Stamford Bridge,Oliver Langford,Match Report,,1.0,1.0,Chelsea,Leicester City,69.2,38.6,15.0,66.0,62.2,45.5,26.0,62.0,0.30000000000000004,False,7.0,-7.0
2.0,Mon,2019-08-19,20:00,Wolves,0.3,1–1,1.2,Manchester Utd,31314.0,Molineux Stadium,Jonathan Moss,Match Report,,1.0,1.0,Wolves,Manchester Utd,54.1,38.0,11.0,59.0,62.2,37.7,30.0,66.0,-0.8999999999999999,False,-8.100000000000001,8.100000000000001
,,,,,,,,,,,,,,,,,,,,,,,,,,,False,,
3.0,Fri,2019-08-23,20:00,Aston Villa,1.0,2–0,1.3,Everton,41922.0,Villa Park,Michael Oliver,Match Report,,2.0,0.0,Aston Villa,Everton,44.3,67.8,-26.0,35.0,50.8,48.3,-12.0,49.0,-0.30000000000000004,True,-6.5,6.5
3.0,Sat,2019-08-24,12:30,Norwich City,1.1,2–3,1.5,Chelsea,27032.0,Carrow Road,Martin Atkinson,Match Report,,2.0,3.0,Norwich City,Chelsea,37.0,66.5,-49.0,21.0,69.2,38.6,15.0,66.0,-0.3999999999999999,False,-32.2,32.2
3.0,Sat,2019-08-24,15:00,Sheffield Utd,0.3,1–2,0.8,Leicester City,30079.0,Bramall Lane,Andy Madley,Match Report,,1.0,2.0,Sheffield Utd,Leicester City,43.0,51.0,0.0,54.0,62.2,45.5,26.0,62.0,-0.5,False,-19.200000000000003,19.200000000000003
3.0,Sat,2019-08-24,15:00,Manchester Utd,2.5,1–2,1.1,Crystal Palace,73454.0,Old Trafford,Paul Tierney,Match Report,,1.0,2.0,Manchester Utd,Crystal Palace,62.2,37.7,30.0,66.0,35.8,57.0,-19.0,43.0,1.4,True,26.400000000000006,-26.400000000000006
3.0,Sat,2019-08-24,15:00,Watford,2.3,1–3,3.5,West Ham,20035.0,Vicarage Road Stadium,Chris Kavanagh,Match Report,,1.0,3.0,Watford,West Ham,48.9,58.1,-28.0,34.0,48.6,63.8,-13.0,39.0,-1.2000000000000002,False,0.29999999999999716,-0.29999999999999716
3.0,Sat,2019-08-24,15:00,Brighton,0.8,0–2,1.7,Southampton,30019.0,The American Express Community Stadium,Kevin Friend,Match Report,,0.0,2.0,Brighton,Southampton,45.4,55.0,-15.0,41.0,56.1,52.8,-9.0,52.0,-0.8999999999999999,False,-10.700000000000003,10.700000000000003
3.0,Sat,2019-08-24,17:30,Liverpool,2.5,3–1,1.0,Arsenal,53298.0,Anfield,Anthony Taylor,Match Report,,3.0,1.0,Liverpool,Arsenal,68.9,37.7,52.0,99.0,47.0,55.3,8.0,56.0,1.5,False,21.900000000000006,-21.900000000000006
3.0,Sun,2019-08-25,14:00,Bournemouth,2.2,1–3,3.0,Manchester City,10486.0,Vitality Stadium,Andre Marriner,Match Report,,1.0,3.0,Bournemouth,Manchester City,44.8,62.3,-25.0,34.0,92.0,36.2,67.0,81.0,-0.7999999999999998,False,-47.2,47.2
3.0,Sun,2019-08-25,16:30,Wolves,1.5,1–1,1.6,Burnley,30522.0,Molineux Stadium,Craig Pawson,Match Report,,1.0,1.0,Wolves,Burnley,54.1,38.0,11.0,59.0,47.4,49.8,-7.0,54.0,-0.10000000000000009,False,6.700000000000003,-6.700000000000003
3.0,Sun,2019-08-25,16:30,Tottenham,1.1,0–1,0.8,Newcastle Utd,59245.0,Tottenham Hotspur Stadium,Mike Dean,Match Report,,0.0,1.0,Tottenham,Newcastle Utd,47.9,54.2,14.0,59.0,35.5,65.6,-20.0,44.0,0.30000000000000004,True,12.399999999999999,-12.399999999999999
,,,,,,,,,,,,,,,,,,,,,,,,,,,False,,
4.0,Sat,2019-08-31,12:30,Southampton,0.9,1–1,1.5,Manchester Utd,30499.0,St. Mary's Stadium,Mike Dean,Match Report,,1.0,1.0,Southampton,Manchester Utd,56.1,52.8,-9.0,52.0,62.2,37.7,30.0,66.0,-0.6,False,-6.100000000000001,6.100000000000001
4.0,Sat,2019-08-31,15:00,West Ham,2.0,2–0,1.4,Norwich City,59950.0,London Stadium,Paul Tierney,Match Report,,2.0,0.0,West Ham,Norwich City,48.6,63.8,-13.0,39.0,37.0,66.5,-49.0,21.0,0.6000000000000001,False,11.600000000000001,-11.600000000000001
4.0,Sat,2019-08-31,15:00,Crystal Palace,1.4,1–0,0.4,Aston Villa,25248.0,Selhurst Park,Kevin Friend,Match Report,,1.0,0.0,Crystal Palace,Aston Villa,35.8,57.0,-19.0,43.0,44.3,67.8,-26.0,35.0,0.9999999999999999,False,-8.5,8.5
4.0,Sat,2019-08-31,15:00,Leicester City,2.0,3–1,0.6,Bournemouth,31613.0,King Power Stadium,Peter Bankes,Match Report,,3.0,1.0,Leicester City,Bournemouth,62.2,45.5,26.0,62.0,44.8,62.3,-25.0,34.0,1.4,False,17.400000000000006,-17.400000000000006
4.0,Sat,2019-08-31,15:00,Chelsea,2.0,2–2,1.1,Sheffield Utd,40560.0,Stamford Bridge,Stuart Attwell,Match Report,,2.0,2.0,Chelsea,Sheffield Utd,69.2,38.6,15.0,66.0,43.0,51.0,0.0,54.0,0.8999999999999999,False,26.200000000000003,-26.200000000000003
4.0,Sat,2019-08-31,15:00,Newcastle Utd,1.0,1–1,1.0,Watford,44157.0,St. James' Park,Graham Scott,Match Report,,1.0,1.0,Newcastle Utd,Watford,35.5,65.6,-20.0,44.0,48.9,58.1,-28.0,34.0,0.0,False,-13.399999999999999,13.399999999999999
4.0,Sat,2019-08-31,15:00,Manchester City,1.9,4–0,0.9,Brighton,54386.0,Etihad Stadium,Jonathan Moss,Match Report,,4.0,0.0,Manchester City,Brighton,92.0,36.2,67.0,81.0,45.4,55.0,-15.0,41.0,0.9999999999999999,False,46.6,-46.6
4.0,Sat,2019-08-31,17:30,Burnley,0.9,0–3,1.0,Liverpool,21762.0,Turf Moor,Chris Kavanagh,Match Report,,0.0,3.0,Burnley,Liverpool,47.4,49.8,-7.0,54.0,68.9,37.7,52.0,99.0,-0.09999999999999998,False,-21.500000000000007,21.500000000000007
4.0,Sun,2019-09-01,14:00,Everton,1.3,3–2,2.0,Wolves,39374.0,Goodison Park,Anthony Taylor,Match Report,,3.0,2.0,Everton,Wolves,50.8,48.3,-12.0,49.0,54.1,38.0,11.0,59.0,-0.7,True,-3.3000000000000043,3.3000000000000043
4.0,Sun,2019-09-01,16:30,Arsenal,2.4,2–2,2.0,Tottenham,60333.0,Emirates Stadium,Martin Atkinson,Match Report,,2.0,2.0,Arsenal,Tottenham,47.0,55.3,8.0,56.0,47.9,54.2,14.0,59.0,0.3999999999999999,False,-0.8999999999999986,0.8999999999999986
,,,,,,,,,,,,,,,,,,,,,,,,,,,False,,
5.0,Sat,2019-09-14,12:30,Liverpool,3.0,3–1,0.3,Newcastle Utd,51430.0,Anfield,Andre Marriner,Match Report,,3.0,1.0,Liverpool,Newcastle Utd,68.9,37.7,52.0,99.0,35.5,65.6,-20.0,44.0,2.7,False,33.400000000000006,-33.400000000000006
5.0,Sat,2019-09-14,15:00,Wolves,1.7,2–5,2.7,Chelsea,31534.0,Molineux Stadium,Graham Scott,Match Report,,2.0,5.0,Wolves,Chelsea,54.1,38.0,11.0,59.0,69.2,38.6,15.0,66.0,-1.0000000000000002,False,-15.100000000000001,15.100000000000001
5.0,Sat,2019-09-14,15:00,Brighton,1.4,1–1,0.4,Burnley,29398.0,The American Express Community Stadium,Michael Oliver,Match Report,,1.0,1.0,Brighton,Burnley,45.4,55.0,-15.0,41.0,47.4,49.8,-7.0,54.0,0.9999999999999999,False,-2.0,2.0
5.0,Sat,2019-09-14,15:00,Tottenham,1.0,4–0,0.6,Crystal Palace,59812.0,Tottenham Hotspur Stadium,Craig Pawson,Match Report,,4.0,0.0,Tottenham,Crystal Palace,47.9,54.2,14.0,59.0,35.8,57.0,-19.0,43.0,0.4,False,12.100000000000001,-12.100000000000001
5.0,Sat,2019-09-14,15:00,Manchester Utd,1.2,1–0,0.6,Leicester City,73689.0,Old Trafford,Martin Atkinson,Match Report,,1.0,0.0,Manchester Utd,Leicester City,62.2,37.7,30.0,66.0,62.2,45.5,26.0,62.0,0.6,False,0.0,0.0
5.0,Sat,2019-09-14,15:00,Sheffield Utd,1.8,0–1,1.6,Southampton,30985.0,Bramall Lane,Lee Mason,Match Report,,0.0,1.0,Sheffield Utd,Southampton,43.0,51.0,0.0,54.0,56.1,52.8,-9.0,52.0,0.19999999999999996,True,-13.100000000000001,13.100000000000001
5.0,Sat,2019-09-14,17:30,Norwich City,1.5,3–2,2.3,Manchester City,27035.0,Carrow Road,Kevin Friend,Match Report,,3.0,2.0,Norwich City,Manchester City,37.0,66.5,-49.0,21.0,92.0,36.2,67.0,81.0,-0.7999999999999998,True,-55.0,55.0
5.0,Sun,2019-09-15,14:00,Bournemouth,1.4,3–1,1.5,Everton,10416.0,Vitality Stadium,Paul Tierney,Match Report,,3.0,1.0,Bournemouth,Everton,44.8,62.3,-25.0,34.0,50.8,48.3,-12.0,49.0,-0.10000000000000009,True,-6.0,6.0
5.0,Sun,2019-09-15,16:30,Watford,2.7,2–2,0.8,Arsenal,21360.0,Vicarage Road Stadium,Anthony Taylor,Match Report,,2.0,2.0,Watford,Arsenal,48.9,58.1,-28.0,34.0,47.0,55.3,8.0,56.0,1.9000000000000001,False,1.8999999999999986,-1.8999999999999986
5.0,Mon,2019-09-16,20:00,Aston Villa,1.3,0–0,0.6,West Ham,42010.0,Villa Park,Mike Dean,Match Report,,0.0,0.0,Aston Villa,West Ham,44.3,67.8,-26.0,35.0,48.6,63.8,-13.0,39.0,0.7000000000000001,False,-4.300000000000004,4.300000000000004
,,,,,,,,,,,,,,,,,,,,,,,,,,,False,,
6.0,Fri,2019-09-20,20:00,Southampton,2.5,1–3,1.2,Bournemouth,30168.0,St. Mary's Stadium,Chris Kavanagh,Match Report,,1.0,3.0,Southampton,Bournemouth,56.1,52.8,-9.0,52.0,44.8,62.3,-25.0,34.0,1.3,True,11.300000000000004,-11.300000000000004
6.0,Sat,2019-09-21,12:30,Leicester City,1.3,2–1,1.1,Tottenham,32129.0,King Power Stadium,Paul Tierney,Match Report,,2.0,1.0,Leicester City,Tottenham,62.2,45.5,26.0,62.0,47.9,54.2,14.0,59.0,0.19999999999999996,False,14.300000000000004,-14.300000000000004
6.0,Sat,2019-09-21,15:00,Manchester City,5.9,8–0,0.4,Watford,54273.0,Etihad Stadium,Mike Dean,Match Report,,8.0,0.0,Manchester City,Watford,92.0,36.2,67.0,81.0,48.9,58.1,-28.0,34.0,5.5,False,43.1,-43.1
6.0,Sat,2019-09-21,15:00,Everton,1.0,0–2,0.5,Sheffield Utd,39354.0,Goodison Park,Simon Hooper,Match Report,,0.0,2.0,Everton,Sheffield Utd,50.8,48.3,-12.0,49.0,43.0,51.0,0.0,54.0,0.5,True,7.799999999999997,-7.799999999999997
6.0,Sat,2019-09-21,15:00,Burnley,2.0,2–0,0.8,Norwich City,19712.0,Turf Moor,David Coote,Match Report,,2.0,0.0,Burnley,Norwich City,47.4,49.8,-7.0,54.0,37.0,66.5,-49.0,21.0,1.2,False,10.399999999999999,-10.399999999999999
6.0,Sat,2019-09-21,17:30,Newcastle Utd,0.9,0–0,1.4,Brighton,43316.0,St. James' Park,Martin Atkinson,Match Report,,0.0,0.0,Newcastle Utd,Brighton,35.5,65.6,-20.0,44.0,45.4,55.0,-15.0,41.0,-0.4999999999999999,False,-9.899999999999999,9.899999999999999
6.0,Sun,2019-09-22,14:00,Crystal Palace,0.9,1–1,1.5,Wolves,25122.0,Selhurst Park,Stuart Attwell,Match Report,,1.0,1.0,Crystal Palace,Wolves,35.8,57.0,-19.0,43.0,54.1,38.0,11.0,59.0,-0.6,False,-18.300000000000004,18.300000000000004
6.0,Sun,2019-09-22,14:00,West Ham,0.4,2–0,0.9,Manchester Utd,59936.0,London Stadium,Anthony Taylor,Match Report,,2.0,0.0,West Ham,Manchester Utd,48.6,63.8,-13.0,39.0,62.2,37.7,30.0,66.0,-0.5,True,-13.600000000000001,13.600000000000001
6.0,Sun,2019-09-22,16:30,Chelsea,1.3,1–2,0.6,Liverpool,40638.0,Stamford Bridge,Michael Oliver,Match Report,,1.0,2.0,Chelsea,Liverpool,69.2,38.6,15.0,66.0,68.9,37.7,52.0,99.0,0.7000000000000001,True,0.29999999999999716,-0.29999999999999716
6.0,Sun,2019-09-22,16:30,Arsenal,2.4,3–2,1.5,Aston Villa,60331.0,Emirates Stadium,Jonathan Moss,Match Report,,3.0,2.0,Arsenal,Aston Villa,47.0,55.3,8.0,56.0,44.3,67.8,-26.0,35.0,0.8999999999999999,False,2.700000000000003,-2.700000000000003
,,,,,,,,,,,,,,,,,,,,,,,,,,,False,,
7.0,Sat,2019-09-28,12:30,Sheffield Utd,1.3,0–1,1.9,Liverpool,31774.0,Bramall Lane,Anthony Taylor,Match Report,,0.0,1.0,Sheffield Utd,Liverpool,43.0,51.0,0.0,54.0,68.9,37.7,52.0,99.0,-0.5999999999999999,False,-25.900000000000006,25.900000000000006
7.0,Sat,2019-09-28,15:00,Chelsea,3.7,2–0,0.6,Brighton,40683.0,Stamford Bridge,Chris Kavanagh,Match Report,,2.0,0.0,Chelsea,Brighton,69.2,38.6,15.0,66.0,45.4,55.0,-15.0,41.0,3.1,False,23.800000000000004,-23.800000000000004
7.0,Sat,2019-09-28,15:00,Tottenham,1.0,2–1,1.5,Southampton,59645.0,Tottenham Hotspur Stadium,Graham Scott,Match Report,,2.0,1.0,Tottenham,Southampton,47.9,54.2,14.0,59.0,56.1,52.8,-9.0,52.0,-0.5,True,-8.200000000000003,8.200000000000003
7.0,Sat,2019-09-28,15:00,Aston Villa,1.0,2–2,1.5,Burnley,41546.0,Villa Park,Lee Mason,Match Report,,2.0,2.0,Aston Villa,Burnley,44.3,67.8,-26.0,35.0,47.4,49.8,-7.0,54.0,-0.5,False,-3.1000000000000014,3.1000000000000014
7.0,Sat,2019-09-28,15:00,Crystal Palace,1.5,2–0,0.7,Norwich City,25477.0,Selhurst Park,Jonathan Moss,Match Report,,2.0,0.0,Crystal Palace,Norwich City,35.8,57.0,-19.0,43.0,37.0,66.5,-49.0,21.0,0.8,False,-1.2000000000000028,1.2000000000000028
7.0,Sat,2019-09-28,15:00,Wolves,1.4,2–0,1.4,Watford,30711.0,Molineux Stadium,Paul Tierney,Match Report,,2.0,0.0,Wolves,Watford,54.1,38.0,11.0,59.0,48.9,58.1,-28.0,34.0,0.0,False,5.200000000000003,-5.200000000000003
7.0,Sat,2019-09-28,15:00,Bournemouth,1.9,2–2,1.6,West Ham,10729.0,Vitality Stadium,Stuart Attwell,Match Report,,2.0,2.0,Bournemouth,West Ham,44.8,62.3,-25.0,34.0,48.6,63.8,-13.0,39.0,0.2999999999999998,False,-3.8000000000000043,3.8000000000000043
7.0,Sat,2019-09-28,17:30,Everton,2.4,1–3,2.8,Manchester City,39222.0,Goodison Park,Michael Oliver,Match Report,,1.0,3.0,Everton,Manchester City,50.8,48.3,-12.0,49.0,92.0,36.2,67.0,81.0,-0.3999999999999999,False,-41.2,41.2
7.0,Sun,2019-09-29,16:30,Leicester City,1.6,5–0,0.1,Newcastle Utd,32168.0,King Power Stadium,Craig Pawson,Match Report,,5.0,0.0,Leicester City,Newcastle Utd,62.2,45.5,26.0,62.0,35.5,65.6,-20.0,44.0,1.5,False,26.700000000000003,-26.700000000000003
7.0,Mon,2019-09-30,20:00,Manchester Utd,0.9,1–1,1.9,Arsenal,73201.0,Old Trafford,Kevin Friend,Match Report,,1.0,1.0,Manchester Utd,Arsenal,62.2,37.7,30.0,66.0,47.0,55.3,8.0,56.0,-0.9999999999999999,False,15.200000000000003,-15.200000000000003
,,,,,,,,,,,,,,,,,,,,,,,,,,,False,,
8.0,Sat,2019-10-05,12:30,Brighton,2.4,3–0,0.4,Tottenham,30610.0,The American Express Community Stadium,Jonathan Moss,Match Report,,3.0,0.0,Brighton,Tottenham,45.4,55.0,-15.0,41.0,47.9,54.2,14.0,59.0,2.0,False,-2.5,2.5
8.0,Sat,2019-10-05,15:00,Watford,1.4,0–0,0.4,Sheffield Utd,20811.0,Vicarage Road Stadium,Andre Marriner,Match Report,,0.0,0.0,Watford,Sheffield Utd,48.9,58.1,-28.0,34.0,43.0,51.0,0.0,54.0,0.9999999999999999,False,5.899999999999999,-5.899999999999999
8.0,Sat,2019-10-05,15:00,Burnley,0.6,1–0,1.3,Everton,20650.0,Turf Moor,Graham Scott,Match Report,,1.0,0.0,Burnley,Everton,47.4,49.8,-7.0,54.0,50.8,48.3,-12.0,49.0,-0.7000000000000001,True,-3.3999999999999986,3.3999999999999986
8.0,Sat,2019-10-05,15:00,Liverpool,3.5,2–1,0.1,Leicester City,53322.0,Anfield,Chris Kavanagh,Match Report,,2.0,1.0,Liverpool,Leicester City,68.9,37.7,52.0,99.0,62.2,45.5,26.0,62.0,3.4,False,6.700000000000003,-6.700000000000003
8.0,Sat,2019-10-05,15:00,Norwich City,2.6,1–5,3.0,Aston Villa,27045.0,Carrow Road,Andy Madley,Match Report,,1.0,5.0,Norwich City,Aston Villa,37.0,66.5,-49.0,21.0,44.3,67.8,-26.0,35.0,-0.3999999999999999,False,-7.299999999999997,7.299999999999997
8.0,Sat,2019-10-05,17:30,West Ham,1.4,1–2,2.1,Crystal Palace,59912.0,London Stadium,Michael Oliver,Match Report,,1.0,2.0,West Ham,Crystal Palace,48.6,63.8,-13.0,39.0,35.8,57.0,-19.0,43.0,-0.7000000000000002,False,12.800000000000004,-12.800000000000004
8.0,Sun,2019-10-06,14:00,Manchester City,1.4,0–2,1.0,Wolves,54435.0,Etihad Stadium,Craig Pawson,Match Report,,0.0,2.0,Manchester City,Wolves,92.0,36.2,67.0,81.0,54.1,38.0,11.0,59.0,0.3999999999999999,True,37.9,-37.9
8.0,Sun,2019-10-06,14:00,Southampton,1.4,1–4,1.7,Chelsea,31473.0,St. Mary's Stadium,Paul Tierney,Match Report,,1.0,4.0,Southampton,Chelsea,56.1,52.8,-9.0,52.0,69.2,38.6,15.0,66.0,-0.30000000000000004,False,-13.100000000000001,13.100000000000001
8.0,Sun,2019-10-06,14:00,Arsenal,1.2,1–0,0.6,Bournemouth,60326.0,Emirates Stadium,Martin Atkinson,Match Report,,1.0,0.0,Arsenal,Bournemouth,47.0,55.3,8.0,56.0,44.8,62.3,-25.0,34.0,0.6,False,2.200000000000003,-2.200000000000003
8.0,Sun,2019-10-06,16:30,Newcastle Utd,0.8,1–0,0.9,Manchester Utd,51198.0,St. James' Park,Mike Dean,Match Report,,1.0,0.0,Newcastle Utd,Manchester Utd,35.5,65.6,-20.0,44.0,62.2,37.7,30.0,66.0,-0.09999999999999998,True,-26.700000000000003,26.700000000000003
,,,,,,,,,,,,,,,,,,,,,,,,,,,False,,
9.0,Sat,2019-10-19,12:30,Everton,2.1,2–0,0.8,West Ham,39263.0,Goodison Park,Paul Tierney,Match Report,,2.0,0.0,Everton,West Ham,50.8,48.3,-12.0,49.0,48.6,63.8,-13.0,39.0,1.3,False,2.1999999999999957,-2.1999999999999957
9.0,Sat,2019-10-19,15:00,Aston Villa,3.0,2–1,1.2,Brighton,41826.0,Villa Park,David Coote,Match Report,,2.0,1.0,Aston Villa,Brighton,44.3,67.8,-26.0,35.0,45.4,55.0,-15.0,41.0,1.8,False,-1.1000000000000014,1.1000000000000014
9.0,Sat,2019-10-19,15:00,Leicester City,1.0,2–1,1.5,Burnley,32105.0,King Power Stadium,Jonathan Moss,Match Report,,2.0,1.0,Leicester City,Burnley,62.2,45.5,26.0,62.0,47.4,49.8,-7.0,54.0,-0.5,True,14.800000000000004,-14.800000000000004
9.0,Sat,2019-10-19,15:00,Tottenham,1.0,1–1,0.7,Watford,58754.0,Tottenham Hotspur Stadium,Chris Kavanagh,Match Report,,1.0,1.0,Tottenham,Watford,47.9,54.2,14.0,59.0,48.9,58.1,-28.0,34.0,0.30000000000000004,False,-1.0,1.0
9.0,Sat,2019-10-19,15:00,Wolves,0.9,1–1,1.4,Southampton,30915.0,Molineux Stadium,Peter Bankes,Match Report,,1.0,1.0,Wolves,Southampton,54.1,38.0,11.0,59.0,56.1,52.8,-9.0,52.0,-0.4999999999999999,False,-2.0,2.0
9.0,Sat,2019-10-19,15:00,Chelsea,2.0,1–0,0.4,Newcastle Utd,40513.0,Stamford Bridge,Andre Marriner,Match Report,,1.0,0.0,Chelsea,Newcastle Utd,69.2,38.6,15.0,66.0,35.5,65.6,-20.0,44.0,1.6,False,33.7,-33.7
9.0,Sat,2019-10-19,15:00,Bournemouth,0.7,0–0,0.4,Norwich City,10669.0,Vitality Stadium,Lee Mason,Match Report,,0.0,0.0,Bournemouth,Norwich City,44.8,62.3,-25.0,34.0,37.0,66.5,-49.0,21.0,0.29999999999999993,False,7.799999999999997,-7.799999999999997
9.0,Sat,2019-10-19,17:30,Crystal Palace,0.9,0–2,3.5,Manchester City,25480.0,Selhurst Park,Anthony Taylor,Match Report,,0.0,2.0,Crystal Palace,Manchester City,35.8,57.0,-19.0,43.0,92.0,36.2,67.0,81.0,-2.6,False,-56.2,56.2
9.0,Sun,2019-10-20,16:30,Manchester Utd,0.7,1–1,1.2,Liverpool,73737.0,Old Trafford,Martin Atkinson,Match Report,,1.0,1.0,Manchester Utd,Liverpool,62.2,37.7,30.0,66.0,68.9,37.7,52.0,99.0,-0.5,False,-6.700000000000003,6.700000000000003
9.0,Mon,2019-10-21,20:00,Sheffield Utd,0.9,1–0,1.0,Arsenal,30775.0,Bramall Lane,Mike Dean,Match Report,,1.0,0.0,Sheffield Utd,Arsenal,43.0,51.0,0.0,54.0,47.0,55.3,8.0,56.0,-0.09999999999999998,True,-4.0,4.0
,,,,,,,,,,,,,,,,,,,,,,,,,,,False,,
10.0,Fri,2019-10-25,20:00,Southampton,0.3,0–9,4.6,Leicester City,28762.0,St. Mary's Stadium,Andre Marriner,Match Report,,0.0,9.0,Southampton,Leicester City,56.1,52.8,-9.0,52.0,62.2,45.5,26.0,62.0,-4.3,False,-6.100000000000001,6.100000000000001
10.0,Sat,2019-10-26,12:30,Manchester City,2.9,3–0,1.0,Aston Villa,54506.0,Etihad Stadium,Graham Scott,Match Report,,3.0,0.0,Manchester City,Aston Villa,92.0,36.2,67.0,81.0,44.3,67.8,-26.0,35.0,1.9,False,47.7,-47.7
10.0,Sat,2019-10-26,15:00,Watford,0.8,0–0,1.0,Bournemouth,20821.0,Vicarage Road Stadium,Mike Dean,Match Report,,0.0,0.0,Watford,Bournemouth,48.9,58.1,-28.0,34.0,44.8,62.3,-25.0,34.0,-0.19999999999999996,False,4.100000000000001,-4.100000000000001
10.0,Sat,2019-10-26,15:00,West Ham,2.3,1–1,1.0,Sheffield Utd,59878.0,London Stadium,David Coote,Match Report,,1.0,1.0,West Ham,Sheffield Utd,48.6,63.8,-13.0,39.0,43.0,51.0,0.0,54.0,1.2999999999999998,False,5.600000000000001,-5.600000000000001
10.0,Sat,2019-10-26,15:00,Brighton,1.2,3–2,0.9,Everton,30529.0,The American Express Community Stadium,Andy Madley,Match Report,,3.0,2.0,Brighton,Everton,45.4,55.0,-15.0,41.0,50.8,48.3,-12.0,49.0,0.29999999999999993,False,-5.399999999999999,5.399999999999999
10.0,Sat,2019-10-26,17:30,Burnley,2.1,2–4,0.9,Chelsea,20975.0,Turf Moor,Michael Oliver,Match Report,,2.0,4.0,Burnley,Chelsea,47.4,49.8,-7.0,54.0,69.2,38.6,15.0,66.0,1.2000000000000002,True,-21.800000000000004,21.800000000000004
10.0,Sun,2019-10-27,14:00,Newcastle Utd,1.0,1–1,2.1,Wolves,46019.0,St. James' Park,Kevin Friend,Match Report,,1.0,1.0,Newcastle Utd,Wolves,35.5,65.6,-20.0,44.0,54.1,38.0,11.0,59.0,-1.1,False,-18.6,18.6
10.0,Sun,2019-10-27,16:30,Arsenal,1.3,2–2,1.6,Crystal Palace,60345.0,Emirates Stadium,Martin Atkinson,Match Report,,2.0,2.0,Arsenal,Crystal Palace,47.0,55.3,8.0,56.0,35.8,57.0,-19.0,43.0,-0.30000000000000004,False,11.200000000000003,-11.200000000000003
10.0,Sun,2019-10-27,16:30,Liverpool,2.6,2–1,1.2,Tottenham,53222.0,Anfield,Anthony Taylor,Match Report,,2.0,1.0,Liverpool,Tottenham,68.9,37.7,52.0,99.0,47.9,54.2,14.0,59.0,1.4000000000000001,False,21.000000000000007,-21.000000000000007
10.0,Sun,2019-10-27,16:30,Norwich City,1.0,1–3,4.2,Manchester Utd,27108.0,Carrow Road,Stuart Attwell,Match Report,,1.0,3.0,Norwich City,Manchester Utd,37.0,66.5,-49.0,21.0,62.2,37.7,30.0,66.0,-3.2,False,-25.200000000000003,25.200000000000003
,,,,,,,,,,,,,,,,,,,,,,,,,,,False,,
11.0,Sat,2019-11-02,12:30,Bournemouth,1.9,1–0,0.8,Manchester Utd,10669.0,Vitality Stadium,Chris Kavanagh,Match Report,,1.0,0.0,Bournemouth,Manchester Utd,44.8,62.3,-25.0,34.0,62.2,37.7,30.0,66.0,1.0999999999999999,False,-17.400000000000006,17.400000000000006
11.0,Sat,2019-11-02,15:00,Sheffield Utd,2.3,3–0,0.8,Burnley,31131.0,Bramall Lane,Simon Hooper,Match Report,,3.0,0.0,Sheffield Utd,Burnley,43.0,51.0,0.0,54.0,47.4,49.8,-7.0,54.0,1.4999999999999998,False,-4.399999999999999,4.399999999999999
11.0,Sat,2019-11-02,15:00,Brighton,2.7,2–0,0.4,Norwich City,30539.0,The American Express Community Stadium,Kevin Friend,Match Report,,2.0,0.0,Brighton,Norwich City,45.4,55.0,-15.0,41.0,37.0,66.5,-49.0,21.0,2.3000000000000003,False,8.399999999999999,-8.399999999999999
11.0,Sat,2019-11-02,15:00,Aston Villa,0.4,1–2,2.4,Liverpool,41878.0,Villa Park,Jonathan Moss,Match Report,,1.0,2.0,Aston Villa,Liverpool,44.3,67.8,-26.0,35.0,68.9,37.7,52.0,99.0,-2.0,False,-24.60000000000001,24.60000000000001
11.0,Sat,2019-11-02,15:00,Arsenal,0.9,1–1,1.8,Wolves,60383.0,Emirates Stadium,Michael Oliver,Match Report,,1.0,1.0,Arsenal,Wolves,47.0,55.3,8.0,56.0,54.1,38.0,11.0,59.0,-0.9,False,-7.100000000000001,7.100000000000001
11.0,Sat,2019-11-02,15:00,West Ham,1.8,2–3,1.5,Newcastle Utd,59907.0,London Stadium,Stuart Attwell,Match Report,,2.0,3.0,West Ham,Newcastle Utd,48.6,63.8,-13.0,39.0,35.5,65.6,-20.0,44.0,0.30000000000000004,True,13.100000000000001,-13.100000000000001
11.0,Sat,2019-11-02,15:00,Manchester City,2.9,2–1,0.9,Southampton,53922.0,Etihad Stadium,Lee Mason,Match Report,,2.0,1.0,Manchester City,Southampton,92.0,36.2,67.0,81.0,56.1,52.8,-9.0,52.0,2.0,False,35.9,-35.9
11.0,Sat,2019-11-02,17:30,Watford,1.3,1–2,2.1,Chelsea,21011.0,Vicarage Road Stadium,Anthony Taylor,Match Report,,1.0,2.0,Watford,Chelsea,48.9,58.1,-28.0,34.0,69.2,38.6,15.0,66.0,-0.8,False,-20.300000000000004,20.300000000000004
11.0,Sun,2019-11-03,14:00,Crystal Palace,0.5,0–2,1.1,Leicester City,25480.0,Selhurst Park,Paul Tierney,Match Report,,0.0,2.0,Crystal Palace,Leicester City,35.8,57.0,-19.0,43.0,62.2,45.5,26.0,62.0,-0.6000000000000001,False,-26.400000000000006,26.400000000000006
11.0,Sun,2019-11-03,16:30,Everton,1.1,1–1,0.6,Tottenham,39001.0,Goodison Park,Martin Atkinson,Match Report,,1.0,1.0,Everton,Tottenham,50.8,48.3,-12.0,49.0,47.9,54.2,14.0,59.0,0.5000000000000001,False,2.8999999999999986,-2.8999999999999986
,,,,,,,,,,,,,,,,,,,,,,,,,,,False,,
12.0,Fri,2019-11-08,20:00,Norwich City,0.7,0–2,1.3,Watford,27074.0,Carrow Road,Andre Marriner,Match Report,,0.0,2.0,Norwich City,Watford,37.0,66.5,-49.0,21.0,48.9,58.1,-28.0,34.0,-0.6000000000000001,False,-11.899999999999999,11.899999999999999
12.0,Sat,2019-11-09,12:30,Chelsea,3.6,2–0,0.2,Crystal Palace,40525.0,Stamford Bridge,Mike Dean,Match Report,,2.0,0.0,Chelsea,Crystal Palace,69.2,38.6,15.0,66.0,35.8,57.0,-19.0,43.0,3.4,False,33.400000000000006,-33.400000000000006
12.0,Sat,2019-11-09,15:00,Southampton,0.9,1–2,1.8,Everton,29754.0,St. Mary's Stadium,Paul Tierney,Match Report,,1.0,2.0,Southampton,Everton,56.1,52.8,-9.0,52.0,50.8,48.3,-12.0,49.0,-0.9,False,5.300000000000004,-5.300000000000004
12.0,Sat,2019-11-09,15:00,Burnley,2.1,3–0,0.5,West Ham,20255.0,Turf Moor,Kevin Friend,Match Report,,3.0,0.0,Burnley,West Ham,47.4,49.8,-7.0,54.0,48.6,63.8,-13.0,39.0,1.6,False,-1.2000000000000028,1.2000000000000028
12.0,Sat,2019-11-09,15:00,Newcastle Utd,2.4,2–1,1.8,Bournemouth,44424.0,St. James' Park,Martin Atkinson,Match Report,,2.0,1.0,Newcastle Utd,Bournemouth,35.5,65.6,-20.0,44.0,44.8,62.3,-25.0,34.0,0.5999999999999999,False,-9.299999999999997,9.299999999999997
12.0,Sat,2019-11-09,15:00,Tottenham,1.8,1–1,0.9,Sheffield Utd,59781.0,Tottenham Hotspur Stadium,Graham Scott,Match Report,,1.0,1.0,Tottenham,Sheffield Utd,47.9,54.2,14.0,59.0,43.0,51.0,0.0,54.0,0.9,False,4.899999999999999,-4.899999999999999
12.0,Sat,2019-11-09,17:30,Leicester City,1.2,2–0,1.0,Arsenal,32209.0,King Power Stadium,Chris Kavanagh,Match Report,,2.0,0.0,Leicester City,Arsenal,62.2,45.5,26.0,62.0,47.0,55.3,8.0,56.0,0.19999999999999996,False,15.200000000000003,-15.200000000000003
12.0,Sun,2019-11-10,14:00,Manchester Utd,3.6,3–1,0.8,Brighton,73556.0,Old Trafford,Jonathan Moss,Match Report,,3.0,1.0,Manchester Utd,Brighton,62.2,37.7,30.0,66.0,45.4,55.0,-15.0,41.0,2.8,False,16.800000000000004,-16.800000000000004
12.0,Sun,2019-11-10,14:00,Wolves,2.4,2–1,0.6,Aston Villa,31607.0,Molineux Stadium,Anthony Taylor,Match Report,,2.0,1.0,Wolves,Aston Villa,54.1,38.0,11.0,59.0,44.3,67.8,-26.0,35.0,1.7999999999999998,False,9.800000000000004,-9.800000000000004
12.0,Sun,2019-11-10,16:30,Liverpool,1.1,3–1,1.3,Manchester City,53324.0,Anfield,Michael Oliver,Match Report,,3.0,1.0,Liverpool,Manchester City,68.9,37.7,52.0,99.0,92.0,36.2,67.0,81.0,-0.19999999999999996,True,-23.099999999999994,23.099999999999994
,,,,,,,,,,,,,,,,,,,,,,,,,,,False,,
13.0,Sat,2019-11-23,12:30,West Ham,0.7,2–3,2.1,Tottenham,59930.0,London Stadium,Michael Oliver,Match Report,,2.0,3.0,West Ham,Tottenham,48.6,63.8,-13.0,39.0,47.9,54.2,14.0,59.0,-1.4000000000000001,False,0.7000000000000028,-0.7000000000000028
13.0,Sat,2019-11-23,15:00,Crystal Palace,1.0,1–2,1.4,Liverpool,25486.0,Selhurst Park,Kevin Friend,Match Report,,1.0,2.0,Crystal Palace,Liverpool,35.8,57.0,-19.0,43.0,68.9,37.7,52.0,99.0,-0.3999999999999999,False,-33.10000000000001,33.10000000000001
13.0,Sat,2019-11-23,15:00,Arsenal,1.8,2–2,2.4,Southampton,60295.0,Emirates Stadium,Stuart Attwell,Match Report,,2.0,2.0,Arsenal,Southampton,47.0,55.3,8.0,56.0,56.1,52.8,-9.0,52.0,-0.5999999999999999,False,-9.100000000000001,9.100000000000001
13.0,Sat,2019-11-23,15:00,Bournemouth,0.6,1–2,1.1,Wolves,10539.0,Vitality Stadium,Simon Hooper,Match Report,,1.0,2.0,Bournemouth,Wolves,44.8,62.3,-25.0,34.0,54.1,38.0,11.0,59.0,-0.5000000000000001,False,-9.300000000000004,9.300000000000004
13.0,Sat,2019-11-23,15:00,Everton,0.9,0–2,1.7,Norwich City,39241.0,Goodison Park,Anthony Taylor,Match Report,,0.0,2.0,Everton,Norwich City,50.8,48.3,-12.0,49.0,37.0,66.5,-49.0,21.0,-0.7999999999999999,False,13.799999999999997,-13.799999999999997
13.0,Sat,2019-11-23,15:00,Brighton,0.6,0–2,3.6,Leicester City,30640.0,The American Express Community Stadium,Mike Dean,Match Report,,0.0,2.0,Brighton,Leicester City,45.4,55.0,-15.0,41.0,62.2,45.5,26.0,62.0,-3.0,False,-16.800000000000004,16.800000000000004
13.0,Sat,2019-11-23,15:00,Watford,1.0,0–3,1.9,Burnley,19711.0,Vicarage Road Stadium,Paul Tierney,Match Report,,0.0,3.0,Watford,Burnley,48.9,58.1,-28.0,34.0,47.4,49.8,-7.0,54.0,-0.8999999999999999,False,1.5,-1.5
13.0,Sat,2019-11-23,17:30,Manchester City,1.0,2–1,0.9,Chelsea,54486.0,Etihad Stadium,Martin Atkinson,Match Report,,2.0,1.0,Manchester City,Chelsea,92.0,36.2,67.0,81.0,69.2,38.6,15.0,66.0,0.09999999999999998,False,22.799999999999997,-22.799999999999997
13.0,Sun,2019-11-24,16:30,Sheffield Utd,1.3,3–3,1.3,Manchester Utd,32024.0,Bramall Lane,Andre Marriner,Match Report,,3.0,3.0,Sheffield Utd,Manchester Utd,43.0,51.0,0.0,54.0,62.2,37.7,30.0,66.0,0.0,False,-19.200000000000003,19.200000000000003
13.0,Mon,2019-11-25,20:00,Aston Villa,2.3,2–0,0.6,Newcastle Utd,41821.0,Villa Park,Lee Mason,Match Report,,2.0,0.0,Aston Villa,Newcastle Utd,44.3,67.8,-26.0,35.0,35.5,65.6,-20.0,44.0,1.6999999999999997,False,8.799999999999997,-8.799999999999997
,,,,,,,,,,,,,,,,,,,,,,,,,,,False,,
14.0,Sat,2019-11-30,12:30,Newcastle Utd,0.3,2–2,2.4,Manchester City,49937.0,St. James' Park,Chris Kavanagh,Match Report,,2.0,2.0,Newcastle Utd,Manchester City,35.5,65.6,-20.0,44.0,92.0,36.2,67.0,81.0,-2.1,False,-56.5,56.5
14.0,Sat,2019-11-30,15:00,Tottenham,2.3,3–2,1.1,Bournemouth,59626.0,Tottenham Hotspur Stadium,Lee Mason,Match Report,,3.0,2.0,Tottenham,Bournemouth,47.9,54.2,14.0,59.0,44.8,62.3,-25.0,34.0,1.1999999999999997,False,3.1000000000000014,-3.1000000000000014
14.0,Sat,2019-11-30,15:00,Liverpool,1.3,2–1,0.8,Brighton,53319.0,Anfield,Martin Atkinson,Match Report,,2.0,1.0,Liverpool,Brighton,68.9,37.7,52.0,99.0,45.4,55.0,-15.0,41.0,0.5,False,23.500000000000007,-23.500000000000007
14.0,Sat,2019-11-30,15:00,Burnley,1.9,0–2,0.7,Crystal Palace,19818.0,Turf Moor,Peter Bankes,Match Report,,0.0,2.0,Burnley,Crystal Palace,47.4,49.8,-7.0,54.0,35.8,57.0,-19.0,43.0,1.2,True,11.600000000000001,-11.600000000000001
14.0,Sat,2019-11-30,15:00,Chelsea,2.3,0–1,0.9,West Ham,40595.0,Stamford Bridge,Jonathan Moss,Match Report,,0.0,1.0,Chelsea,West Ham,69.2,38.6,15.0,66.0,48.6,63.8,-13.0,39.0,1.4,True,20.6,-20.6
14.0,Sat,2019-11-30,17:30,Southampton,2.1,2–1,0.6,Watford,26929.0,St. Mary's Stadium,Michael Oliver,Match Report,,2.0,1.0,Southampton,Watford,56.1,52.8,-9.0,52.0,48.9,58.1,-28.0,34.0,1.5,False,7.200000000000003,-7.200000000000003
14.0,Sun,2019-12-01,14:00,Norwich City,0.8,2–2,1.9,Arsenal,27067.0,Carrow Road,Paul Tierney,Match Report,,2.0,2.0,Norwich City,Arsenal,37.0,66.5,-49.0,21.0,47.0,55.3,8.0,56.0,-1.0999999999999999,False,-10.0,10.0
14.0,Sun,2019-12-01,14:00,Wolves,1.3,1–1,1.5,Sheffield Utd,31642.0,Molineux Stadium,David Coote,Match Report,,1.0,1.0,Wolves,Sheffield Utd,54.1,38.0,11.0,59.0,43.0,51.0,0.0,54.0,-0.19999999999999996,False,11.100000000000001,-11.100000000000001
14.0,Sun,2019-12-01,16:30,Leicester City,2.2,2–1,1.1,Everton,32144.0,King Power Stadium,Graham Scott,Match Report,,2.0,1.0,Leicester City,Everton,62.2,45.5,26.0,62.0,50.8,48.3,-12.0,49.0,1.1,False,11.400000000000006,-11.400000000000006
14.0,Sun,2019-12-01,16:30,Manchester Utd,1.7,2–2,1.2,Aston Villa,73381.0,Old Trafford,Craig Pawson,Match Report,,2.0,2.0,Manchester Utd,Aston Villa,62.2,37.7,30.0,66.0,44.3,67.8,-26.0,35.0,0.5,False,17.900000000000006,-17.900000000000006
,,,,,,,,,,,,,,,,,,,,,,,,,,,False,,
15.0,Tue,2019-12-03,19:30,Crystal Palace,0.3,1–0,0.4,Bournemouth,23497.0,Selhurst Park,Anthony Taylor,Match Report,,1.0,0.0,Crystal Palace,Bournemouth,35.8,57.0,-19.0,43.0,44.8,62.3,-25.0,34.0,-0.10000000000000003,True,-9.0,9.0
15.0,Tue,2019-12-03,20:15,Burnley,0.6,1–4,2.2,Manchester City,20101.0,Turf Moor,Jonathan Moss,Match Report,,1.0,4.0,Burnley,Manchester City,47.4,49.8,-7.0,54.0,92.0,36.2,67.0,81.0,-1.6,False,-44.6,44.6
15.0,Wed,2019-12-04,19:30,Wolves,1.5,2–0,0.6,West Ham,31217.0,Molineux Stadium,Andre Marriner,Match Report,,2.0,0.0,Wolves,West Ham,54.1,38.0,11.0,59.0,48.6,63.8,-13.0,39.0,0.9,False,5.5,-5.5
15.0,Wed,2019-12-04,19:30,Southampton,1.7,2–1,0.9,Norwich City,27019.0,St. Mary's Stadium,Kevin Friend,Match Report,,2.0,1.0,Southampton,Norwich City,56.1,52.8,-9.0,52.0,37.0,66.5,-49.0,21.0,0.7999999999999999,False,19.1,-19.1
15.0,Wed,2019-12-04,19:30,Chelsea,1.8,2–1,1.0,Aston Villa,40628.0,Stamford Bridge,Chris Kavanagh,Match Report,,2.0,1.0,Chelsea,Aston Villa,69.2,38.6,15.0,66.0,44.3,67.8,-26.0,35.0,0.8,False,24.900000000000006,-24.900000000000006
15.0,Wed,2019-12-04,19:30,Manchester Utd,1.4,2–1,0.9,Tottenham,73252.0,Old Trafford,Paul Tierney,Match Report,,2.0,1.0,Manchester Utd,Tottenham,62.2,37.7,30.0,66.0,47.9,54.2,14.0,59.0,0.4999999999999999,False,14.300000000000004,-14.300000000000004
15.0,Wed,2019-12-04,19:30,Leicester City,2.4,2–0,0.2,Watford,31763.0,King Power Stadium,Craig Pawson,Match Report,,2.0,0.0,Leicester City,Watford,62.2,45.5,26.0,62.0,48.9,58.1,-28.0,34.0,2.1999999999999997,False,13.300000000000004,-13.300000000000004
15.0,Wed,2019-12-04,20:15,Liverpool,2.0,5–2,1.5,Everton,53094.0,Anfield,Mike Dean,Match Report,,5.0,2.0,Liverpool,Everton,68.9,37.7,52.0,99.0,50.8,48.3,-12.0,49.0,0.5,False,18.10000000000001,-18.10000000000001
15.0,Thu,2019-12-05,19:30,Sheffield Utd,1.1,0–2,0.5,Newcastle Utd,30409.0,Bramall Lane,Stuart Attwell,Match Report,,0.0,2.0,Sheffield Utd,Newcastle Utd,43.0,51.0,0.0,54.0,35.5,65.6,-20.0,44.0,0.6000000000000001,True,7.5,-7.5
15.0,Thu,2019-12-05,20:15,Arsenal,0.9,1–2,1.7,Brighton,60164.0,Emirates Stadium,Graham Scott,Match Report,,1.0,2.0,Arsenal,Brighton,47.0,55.3,8.0,56.0,45.4,55.0,-15.0,41.0,-0.7999999999999999,False,1.6000000000000014,-1.6000000000000014
,,,,,,,,,,,,,,,,,,,,,,,,,,,False,,
16.0,Sat,2019-12-07,12:30,Everton,1.8,3–1,1.1,Chelsea,39114.0,Goodison Park,Craig Pawson,Match Report,,3.0,1.0,Everton,Chelsea,50.8,48.3,-12.0,49.0,69.2,38.6,15.0,66.0,0.7,False,-18.400000000000006,18.400000000000006
16.0,Sat,2019-12-07,15:00,Tottenham,2.6,5–0,0.9,Burnley,58401.0,Tottenham Hotspur Stadium,Kevin Friend,Match Report,,5.0,0.0,Tottenham,Burnley,47.9,54.2,14.0,59.0,47.4,49.8,-7.0,54.0,1.7000000000000002,False,0.5,-0.5
16.0,Sat,2019-12-07,15:00,Watford,1.4,0–0,0.2,Crystal Palace,20070.0,Vicarage Road Stadium,Martin Atkinson,Match Report,,0.0,0.0,Watford,Crystal Palace,48.9,58.1,-28.0,34.0,35.8,57.0,-19.0,43.0,1.2,False,13.100000000000001,-13.100000000000001
16.0,Sat,2019-12-07,15:00,Bournemouth,0.1,0–3,2.4,Liverpool,10832.0,Vitality Stadium,Chris Kavanagh,Match Report,,0.0,3.0,Bournemouth,Liverpool,44.8,62.3,-25.0,34.0,68.9,37.7,52.0,99.0,-2.3,False,-24.10000000000001,24.10000000000001
16.0,Sat,2019-12-07,17:30,Manchester City,2.2,1–2,1.4,Manchester Utd,54403.0,Etihad Stadium,Anthony Taylor,Match Report,,1.0,2.0,Manchester City,Manchester Utd,92.0,36.2,67.0,81.0,62.2,37.7,30.0,66.0,0.8000000000000003,True,29.799999999999997,-29.799999999999997
16.0,Sun,2019-12-08,14:00,Norwich City,0.7,1–2,0.8,Sheffield Utd,26881.0,Carrow Road,Simon Hooper,Match Report,,1.0,2.0,Norwich City,Sheffield Utd,37.0,66.5,-49.0,21.0,43.0,51.0,0.0,54.0,-0.10000000000000009,False,-6.0,6.0
16.0,Sun,2019-12-08,14:00,Aston Villa,1.2,1–4,4.6,Leicester City,41908.0,Villa Park,Michael Oliver,Match Report,,1.0,4.0,Aston Villa,Leicester City,44.3,67.8,-26.0,35.0,62.2,45.5,26.0,62.0,-3.3999999999999995,False,-17.900000000000006,17.900000000000006
16.0,Sun,2019-12-08,14:00,Newcastle Utd,0.9,2–1,1.7,Southampton,42303.0,St. James' Park,David Coote,Match Report,,2.0,1.0,Newcastle Utd,Southampton,35.5,65.6,-20.0,44.0,56.1,52.8,-9.0,52.0,-0.7999999999999999,True,-20.6,20.6
16.0,Sun,2019-12-08,16:30,Brighton,1.2,2–2,1.5,Wolves,30189.0,The American Express Community Stadium,Jonathan Moss,Match Report,,2.0,2.0,Brighton,Wolves,45.4,55.0,-15.0,41.0,54.1,38.0,11.0,59.0,-0.30000000000000004,False,-8.700000000000003,8.700000000000003
16.0,Mon,2019-12-09,20:00,West Ham,0.6,1–3,1.4,Arsenal,59936.0,London Stadium,Mike Dean,Match Report,,1.0,3.0,West Ham,Arsenal,48.6,63.8,-13.0,39.0,47.0,55.3,8.0,56.0,-0.7999999999999999,False,1.6000000000000014,-1.6000000000000014
,,,,,,,,,,,,,,,,,,,,,,,,,,,False,,
17.0,Sat,2019-12-14,12:30,Liverpool,1.4,2–0,1.0,Watford,53311.0,Anfield,Andre Marriner,Match Report,,2.0,0.0,Liverpool,Watford,68.9,37.7,52.0,99.0,48.9,58.1,-28.0,34.0,0.3999999999999999,False,20.000000000000007,-20.000000000000007
17.0,Sat,2019-12-14,15:00,Leicester City,1.1,1–1,1.1,Norwich City,32101.0,King Power Stadium,Andy Madley,Match Report,,1.0,1.0,Leicester City,Norwich City,62.2,45.5,26.0,62.0,37.0,66.5,-49.0,21.0,0.0,False,25.200000000000003,-25.200000000000003
17.0,Sat,2019-12-14,15:00,Burnley,1.4,1–0,1.0,Newcastle Utd,19798.0,Turf Moor,Tim Robinson,Match Report,,1.0,0.0,Burnley,Newcastle Utd,47.4,49.8,-7.0,54.0,35.5,65.6,-20.0,44.0,0.3999999999999999,False,11.899999999999999,-11.899999999999999
17.0,Sat,2019-12-14,15:00,Sheffield Utd,1.7,2–0,1.1,Aston Villa,30396.0,Bramall Lane,Peter Bankes,Match Report,,2.0,0.0,Sheffield Utd,Aston Villa,43.0,51.0,0.0,54.0,44.3,67.8,-26.0,35.0,0.5999999999999999,False,-1.2999999999999972,1.2999999999999972
17.0,Sat,2019-12-14,15:00,Chelsea,2.1,0–1,1.0,Bournemouth,40243.0,Stamford Bridge,Graham Scott,Match Report,,0.0,1.0,Chelsea,Bournemouth,69.2,38.6,15.0,66.0,44.8,62.3,-25.0,34.0,1.1,True,24.400000000000006,-24.400000000000006
17.0,Sat,2019-12-14,17:30,Southampton,0.9,0–1,0.9,West Ham,27701.0,St. Mary's Stadium,Martin Atkinson,Match Report,,0.0,1.0,Southampton,West Ham,56.1,52.8,-9.0,52.0,48.6,63.8,-13.0,39.0,0.0,False,7.5,-7.5
17.0,Sun,2019-12-15,14:00,Manchester Utd,1.4,1–1,0.3,Everton,63328.0,Old Trafford,Michael Oliver,Match Report,,1.0,1.0,Manchester Utd,Everton,62.2,37.7,30.0,66.0,50.8,48.3,-12.0,49.0,1.0999999999999999,False,11.400000000000006,-11.400000000000006
17.0,Sun,2019-12-15,14:00,Wolves,0.9,1–2,0.9,Tottenham,31674.0,Molineux Stadium,Stuart Attwell,Match Report,,1.0,2.0,Wolves,Tottenham,54.1,38.0,11.0,59.0,47.9,54.2,14.0,59.0,0.0,False,6.200000000000003,-6.200000000000003
17.0,Sun,2019-12-15,16:30,Arsenal,0.5,0–3,1.3,Manchester City,60031.0,Emirates Stadium,Paul Tierney,Match Report,,0.0,3.0,Arsenal,Manchester City,47.0,55.3,8.0,56.0,92.0,36.2,67.0,81.0,-0.8,False,-45.0,45.0
17.0,Mon,2019-12-16,19:45,Crystal Palace,0.7,1–1,2.3,Brighton,24175.0,Selhurst Park,Craig Pawson,Match Report,,1.0,1.0,Crystal Palace,Brighton,35.8,57.0,-19.0,43.0,45.4,55.0,-15.0,41.0,-1.5999999999999999,False,-9.600000000000001,9.600000000000001
,,,,,,,,,,,,,,,,,,,,,,,,,,,False,,
18.0,Sat,2019-12-21,12:30,Everton,0.5,0–0,0.6,Arsenal,39336.0,Goodison Park,Kevin Friend,Match Report,,0.0,0.0,Everton,Arsenal,50.8,48.3,-12.0,49.0,47.0,55.3,8.0,56.0,-0.09999999999999998,False,3.799999999999997,-3.799999999999997
18.0,Sat,2019-12-21,15:00,Norwich City,1.3,1–2,1.4,Wolves,27053.0,Carrow Road,Peter Bankes,Match Report,,1.0,2.0,Norwich City,Wolves,37.0,66.5,-49.0,21.0,54.1,38.0,11.0,59.0,-0.09999999999999987,False,-17.1,17.1
18.0,Sat,2019-12-21,15:00,Brighton,0.5,0–1,1.3,Sheffield Utd,30505.0,The American Express Community Stadium,Robert Jones,Match Report,,0.0,1.0,Brighton,Sheffield Utd,45.4,55.0,-15.0,41.0,43.0,51.0,0.0,54.0,-0.8,False,2.3999999999999986,-2.3999999999999986
18.0,Sat,2019-12-21,15:00,Newcastle Utd,0.5,1–0,1.3,Crystal Palace,45453.0,St. James' Park,Simon Hooper,Match Report,,1.0,0.0,Newcastle Utd,Crystal Palace,35.5,65.6,-20.0,44.0,35.8,57.0,-19.0,43.0,-0.8,True,-0.29999999999999716,0.29999999999999716
18.0,Sat,2019-12-21,15:00,Aston Villa,1.1,1–3,2.8,Southampton,41834.0,Villa Park,Craig Pawson,Match Report,,1.0,3.0,Aston Villa,Southampton,44.3,67.8,-26.0,35.0,56.1,52.8,-9.0,52.0,-1.6999999999999997,False,-11.800000000000004,11.800000000000004
18.0,Sat,2019-12-21,15:00,Bournemouth,0.1,0–1,0.2,Burnley,10020.0,Vitality Stadium,Martin Atkinson,Match Report,,0.0,1.0,Bournemouth,Burnley,44.8,62.3,-25.0,34.0,47.4,49.8,-7.0,54.0,-0.1,False,-2.6000000000000014,2.6000000000000014
18.0,Sat,2019-12-21,17:30,Manchester City,3.3,3–1,1.1,Leicester City,54415.0,Etihad Stadium,Mike Dean,Match Report,,3.0,1.0,Manchester City,Leicester City,92.0,36.2,67.0,81.0,62.2,45.5,26.0,62.0,2.1999999999999997,False,29.799999999999997,-29.799999999999997
18.0,Sun,2019-12-22,14:00,Watford,1.5,2–0,1.8,Manchester Utd,21488.0,Vicarage Road Stadium,Lee Mason,Match Report,,2.0,0.0,Watford,Manchester Utd,48.9,58.1,-28.0,34.0,62.2,37.7,30.0,66.0,-0.30000000000000004,True,-13.300000000000004,13.300000000000004
18.0,Sun,2019-12-22,16:30,Tottenham,0.3,0–2,1.3,Chelsea,61104.0,Tottenham Hotspur Stadium,Anthony Taylor,Match Report,,0.0,2.0,Tottenham,Chelsea,47.9,54.2,14.0,59.0,69.2,38.6,15.0,66.0,-1.0,False,-21.300000000000004,21.300000000000004
,,,,,,,,,,,,,,,,,,,,,,,,,,,False,,
19.0,Thu,2019-12-26,12:30,Tottenham,0.8,2–1,1.0,Brighton,56308.0,Tottenham Hotspur Stadium,Graham Scott,Match Report,,2.0,1.0,Tottenham,Brighton,47.9,54.2,14.0,59.0,45.4,55.0,-15.0,41.0,-0.19999999999999996,True,2.5,-2.5
19.0,Thu,2019-12-26,15:00,Aston Villa,0.6,1–0,1.2,Norwich City,41289.0,Villa Park,Chris Kavanagh,Match Report,,1.0,0.0,Aston Villa,Norwich City,44.3,67.8,-26.0,35.0,37.0,66.5,-49.0,21.0,-0.6,True,7.299999999999997,-7.299999999999997
19.0,Thu,2019-12-26,15:00,Crystal Palace,2.7,2–1,0.9,West Ham,25462.0,Selhurst Park,Andre Marriner,Match Report,,2.0,1.0,Crystal Palace,West Ham,35.8,57.0,-19.0,43.0,48.6,63.8,-13.0,39.0,1.8000000000000003,False,-12.800000000000004,12.800000000000004
19.0,Thu,2019-12-26,15:00,Bournemouth,2.0,1–1,1.4,Arsenal,10234.0,Vitality Stadium,Stuart Attwell,Match Report,,1.0,1.0,Bournemouth,Arsenal,44.8,62.3,-25.0,34.0,47.0,55.3,8.0,56.0,0.6000000000000001,False,-2.200000000000003,2.200000000000003
19.0,Thu,2019-12-26,15:00,Sheffield Utd,2.4,1–1,0.6,Watford,30222.0,Bramall Lane,David Coote,Match Report,,1.0,1.0,Sheffield Utd,Watford,43.0,51.0,0.0,54.0,48.9,58.1,-28.0,34.0,1.7999999999999998,False,-5.899999999999999,5.899999999999999
19.0,Thu,2019-12-26,15:00,Everton,1.4,1–0,0.3,Burnley,39177.0,Goodison Park,Anthony Taylor,Match Report,,1.0,0.0,Everton,Burnley,50.8,48.3,-12.0,49.0,47.4,49.8,-7.0,54.0,1.0999999999999999,False,3.3999999999999986,-3.3999999999999986
19.0,Thu,2019-12-26,15:00,Chelsea,0.7,0–2,1.1,Southampton,40651.0,Stamford Bridge,Jonathan Moss,Match Report,,0.0,2.0,Chelsea,Southampton,69.2,38.6,15.0,66.0,56.1,52.8,-9.0,52.0,-0.40000000000000013,False,13.100000000000001,-13.100000000000001
19.0,Thu,2019-12-26,17:30,Manchester Utd,1.9,4–1,0.8,Newcastle Utd,73206.0,Old Trafford,Kevin Friend,Match Report,,4.0,1.0,Manchester Utd,Newcastle Utd,62.2,37.7,30.0,66.0,35.5,65.6,-20.0,44.0,1.0999999999999999,False,26.700000000000003,-26.700000000000003
19.0,Thu,2019-12-26,20:00,Leicester City,0.1,0–4,3.2,Liverpool,32211.0,King Power Stadium,Michael Oliver,Match Report,,0.0,4.0,Leicester City,Liverpool,62.2,45.5,26.0,62.0,68.9,37.7,52.0,99.0,-3.1,False,-6.700000000000003,6.700000000000003
19.0,Fri,2019-12-27,19:45,Wolves,2.6,3–2,1.5,Manchester City,31737.0,Molineux Stadium,Martin Atkinson,Match Report,,3.0,2.0,Wolves,Manchester City,54.1,38.0,11.0,59.0,92.0,36.2,67.0,81.0,1.1,False,-37.9,37.9
,,,,,,,,,,,,,,,,,,,,,,,,,,,False,,
20.0,Sat,2019-12-28,12:30,Brighton,0.8,2–0,0.5,Bournemouth,30441.0,The American Express Community Stadium,Paul Tierney,Match Report,,2.0,0.0,Brighton,Bournemouth,45.4,55.0,-15.0,41.0,44.8,62.3,-25.0,34.0,0.30000000000000004,False,0.6000000000000014,-0.6000000000000014
20.0,Sat,2019-12-28,15:00,Watford,2.8,3–0,0.6,Aston Villa,21348.0,Vicarage Road Stadium,Simon Hooper,Match Report,,3.0,0.0,Watford,Aston Villa,48.9,58.1,-28.0,34.0,44.3,67.8,-26.0,35.0,2.1999999999999997,False,4.600000000000001,-4.600000000000001
20.0,Sat,2019-12-28,15:00,Newcastle Utd,1.8,1–2,2.9,Everton,52211.0,St. James' Park,Lee Mason,Match Report,,1.0,2.0,Newcastle Utd,Everton,35.5,65.6,-20.0,44.0,50.8,48.3,-12.0,49.0,-1.0999999999999999,False,-15.299999999999997,15.299999999999997
20.0,Sat,2019-12-28,15:00,Southampton,1.4,1–1,0.3,Crystal Palace,31108.0,St. Mary's Stadium,Andy Madley,Match Report,,1.0,1.0,Southampton,Crystal Palace,56.1,52.8,-9.0,52.0,35.8,57.0,-19.0,43.0,1.0999999999999999,False,20.300000000000004,-20.300000000000004
20.0,Sat,2019-12-28,17:30,West Ham,1.0,1–2,2.5,Leicester City,59919.0,London Stadium,David Coote,Match Report,,1.0,2.0,West Ham,Leicester City,48.6,63.8,-13.0,39.0,62.2,45.5,26.0,62.0,-1.5,False,-13.600000000000001,13.600000000000001
20.0,Sat,2019-12-28,17:30,Norwich City,0.2,2–2,1.9,Tottenham,27072.0,Carrow Road,Kevin Friend,Match Report,,2.0,2.0,Norwich City,Tottenham,37.0,66.5,-49.0,21.0,47.9,54.2,14.0,59.0,-1.7,False,-10.899999999999999,10.899999999999999
20.0,Sat,2019-12-28,19:45,Burnley,0.5,0–2,2.2,Manchester Utd,21924.0,Turf Moor,Mike Dean,Match Report,,0.0,2.0,Burnley,Manchester Utd,47.4,49.8,-7.0,54.0,62.2,37.7,30.0,66.0,-1.7000000000000002,False,-14.800000000000004,14.800000000000004
20.0,Sun,2019-12-29,14:00,Arsenal,0.5,1–2,1.4,Chelsea,60309.0,Emirates Stadium,Craig Pawson,Match Report,,1.0,2.0,Arsenal,Chelsea,47.0,55.3,8.0,56.0,69.2,38.6,15.0,66.0,-0.8999999999999999,False,-22.200000000000003,22.200000000000003
20.0,Sun,2019-12-29,16:30,Liverpool,1.2,1–0,0.5,Wolves,53326.0,Anfield,Anthony Taylor,Match Report,,1.0,0.0,Liverpool,Wolves,68.9,37.7,52.0,99.0,54.1,38.0,11.0,59.0,0.7,False,14.800000000000004,-14.800000000000004
20.0,Sun,2019-12-29,18:00,Manchester City,1.1,2–0,1.1,Sheffield Utd,54512.0,Etihad Stadium,Chris Kavanagh,Match Report,,2.0,0.0,Manchester City,Sheffield Utd,92.0,36.2,67.0,81.0,43.0,51.0,0.0,54.0,0.0,False,49.0,-49.0
,,,,,,,,,,,,,,,,,,,,,,,,,,,False,,
21.0,Wed,2020-01-01,12:30,Brighton,1.3,1–1,1.3,Chelsea,30559.0,The American Express Community Stadium,Stuart Attwell,Match Report,,1.0,1.0,Brighton,Chelsea,45.4,55.0,-15.0,41.0,69.2,38.6,15.0,66.0,0.0,False,-23.800000000000004,23.800000000000004
21.0,Wed,2020-01-01,12:30,Burnley,2.2,1–2,1.3,Aston Villa,19561.0,Turf Moor,Michael Oliver,Match Report,,1.0,2.0,Burnley,Aston Villa,47.4,49.8,-7.0,54.0,44.3,67.8,-26.0,35.0,0.9000000000000001,True,3.1000000000000014,-3.1000000000000014
21.0,Wed,2020-01-01,15:00,Newcastle Utd,0.7,0–3,2.6,Leicester City,52178.0,St. James' Park,Martin Atkinson,Match Report,,0.0,3.0,Newcastle Utd,Leicester City,35.5,65.6,-20.0,44.0,62.2,45.5,26.0,62.0,-1.9000000000000001,False,-26.700000000000003,26.700000000000003
21.0,Wed,2020-01-01,15:00,Southampton,1.3,1–0,0.9,Tottenham,30976.0,St. Mary's Stadium,Mike Dean,Match Report,,1.0,0.0,Southampton,Tottenham,56.1,52.8,-9.0,52.0,47.9,54.2,14.0,59.0,0.4,False,8.200000000000003,-8.200000000000003
21.0,Wed,2020-01-01,15:00,Watford,1.1,2–1,1.2,Wolves,20584.0,Vicarage Road Stadium,Andy Madley,Match Report,,2.0,1.0,Watford,Wolves,48.9,58.1,-28.0,34.0,54.1,38.0,11.0,59.0,-0.09999999999999987,True,-5.200000000000003,5.200000000000003
21.0,Wed,2020-01-01,17:30,Norwich City,1.4,1–1,1.3,Crystal Palace,27021.0,Carrow Road,Jonathan Moss,Match Report,,1.0,1.0,Norwich City,Crystal Palace,37.0,66.5,-49.0,21.0,35.8,57.0,-19.0,43.0,0.09999999999999987,False,1.2000000000000028,-1.2000000000000028
21.0,Wed,2020-01-01,17:30,West Ham,2.4,4–0,0.6,Bournemouth,59917.0,London Stadium,Graham Scott,Match Report,,4.0,0.0,West Ham,Bournemouth,48.6,63.8,-13.0,39.0,44.8,62.3,-25.0,34.0,1.7999999999999998,False,3.8000000000000043,-3.8000000000000043
21.0,Wed,2020-01-01,17:30,Manchester City,1.5,2–1,1.0,Everton,54407.0,Etihad Stadium,Andre Marriner,Match Report,,2.0,1.0,Manchester City,Everton,92.0,36.2,67.0,81.0,50.8,48.3,-12.0,49.0,0.5,False,41.2,-41.2
21.0,Wed,2020-01-01,20:00,Arsenal,1.5,2–0,0.7,Manchester Utd,60328.0,Emirates Stadium,Chris Kavanagh,Match Report,,2.0,0.0,Arsenal,Manchester Utd,47.0,55.3,8.0,56.0,62.2,37.7,30.0,66.0,0.8,False,-15.200000000000003,15.200000000000003
21.0,Thu,2020-01-02,20:00,Liverpool,2.8,2–0,0.6,Sheffield Utd,53321.0,Anfield,Paul Tierney,Match Report,,2.0,0.0,Liverpool,Sheffield Utd,68.9,37.7,52.0,99.0,43.0,51.0,0.0,54.0,2.1999999999999997,False,25.900000000000006,-25.900000000000006
,,,,,,,,,,,,,,,,,,,,,,,,,,,False,,
22.0,Fri,2020-01-10,20:00,Sheffield Utd,1.4,1–0,0.7,West Ham,30124.0,Bramall Lane,Michael Oliver,Match Report,,1.0,0.0,Sheffield Utd,West Ham,43.0,51.0,0.0,54.0,48.6,63.8,-13.0,39.0,0.7,False,-5.600000000000001,5.600000000000001
22.0,Sat,2020-01-11,12:30,Crystal Palace,0.6,1–1,1.4,Arsenal,25468.0,Selhurst Park,Paul Tierney,Match Report,,1.0,1.0,Crystal Palace,Arsenal,35.8,57.0,-19.0,43.0,47.0,55.3,8.0,56.0,-0.7999999999999999,False,-11.200000000000003,11.200000000000003
22.0,Sat,2020-01-11,15:00,Chelsea,2.7,3–0,0.8,Burnley,40396.0,Stamford Bridge,Kevin Friend,Match Report,,3.0,0.0,Chelsea,Burnley,69.2,38.6,15.0,66.0,47.4,49.8,-7.0,54.0,1.9000000000000001,False,21.800000000000004,-21.800000000000004
22.0,Sat,2020-01-11,15:00,Everton,1.7,1–0,1.3,Brighton,38772.0,Goodison Park,David Coote,Match Report,,1.0,0.0,Everton,Brighton,50.8,48.3,-12.0,49.0,45.4,55.0,-15.0,41.0,0.3999999999999999,False,5.399999999999999,-5.399999999999999
22.0,Sat,2020-01-11,15:00,Leicester City,0.7,1–2,2.1,Southampton,32115.0,King Power Stadium,Lee Mason,Match Report,,1.0,2.0,Leicester City,Southampton,62.2,45.5,26.0,62.0,56.1,52.8,-9.0,52.0,-1.4000000000000001,False,6.100000000000001,-6.100000000000001
22.0,Sat,2020-01-11,15:00,Wolves,1.6,1–1,0.2,Newcastle Utd,31570.0,Molineux Stadium,Peter Bankes,Match Report,,1.0,1.0,Wolves,Newcastle Utd,54.1,38.0,11.0,59.0,35.5,65.6,-20.0,44.0,1.4000000000000001,False,18.6,-18.6
22.0,Sat,2020-01-11,15:00,Manchester Utd,2.9,4–0,0.3,Norwich City,73271.0,Old Trafford,Anthony Taylor,Match Report,,4.0,0.0,Manchester Utd,Norwich City,62.2,37.7,30.0,66.0,37.0,66.5,-49.0,21.0,2.6,False,25.200000000000003,-25.200000000000003
22.0,Sat,2020-01-11,17:30,Tottenham,1.2,0–1,1.2,Liverpool,61023.0,Tottenham Hotspur Stadium,Martin Atkinson,Match Report,,0.0,1.0,Tottenham,Liverpool,47.9,54.2,14.0,59.0,68.9,37.7,52.0,99.0,0.0,False,-21.000000000000007,21.000000000000007
22.0,Sun,2020-01-12,14:00,Bournemouth,0.4,0–3,2.0,Watford,10384.0,Vitality Stadium,Mike Dean,Match Report,,0.0,3.0,Bournemouth,Watford,44.8,62.3,-25.0,34.0,48.9,58.1,-28.0,34.0,-1.6,False,-4.100000000000001,4.100000000000001
22.0,Sun,2020-01-12,16:30,Aston Villa,1.1,1–6,2.8,Manchester City,41823.0,Villa Park,Jonathan Moss,Match Report,,1.0,6.0,Aston Villa,Manchester City,44.3,67.8,-26.0,35.0,92.0,36.2,67.0,81.0,-1.6999999999999997,False,-47.7,47.7
,,,,,,,,,,,,,,,,,,,,,,,,,,,False,,
23.0,Sat,2020-01-18,12:30,Watford,2.5,0–0,1.9,Tottenham,21366.0,Vicarage Road Stadium,Michael Oliver,Match Report,,0.0,0.0,Watford,Tottenham,48.9,58.1,-28.0,34.0,47.9,54.2,14.0,59.0,0.6000000000000001,False,1.0,-1.0
23.0,Sat,2020-01-18,15:00,Arsenal,1.4,1–1,0.8,Sheffield Utd,60310.0,Emirates Stadium,Mike Dean,Match Report,,1.0,1.0,Arsenal,Sheffield Utd,47.0,55.3,8.0,56.0,43.0,51.0,0.0,54.0,0.5999999999999999,False,4.0,-4.0
23.0,Sat,2020-01-18,15:00,Norwich City,1.8,1–0,0.7,Bournemouth,26781.0,Carrow Road,Paul Tierney,Match Report,,1.0,0.0,Norwich City,Bournemouth,37.0,66.5,-49.0,21.0,44.8,62.3,-25.0,34.0,1.1,False,-7.799999999999997,7.799999999999997
23.0,Sat,2020-01-18,15:00,Manchester City,2.6,2–2,0.4,Crystal Palace,54439.0,Etihad Stadium,Graham Scott,Match Report,,2.0,2.0,Manchester City,Crystal Palace,92.0,36.2,67.0,81.0,35.8,57.0,-19.0,43.0,2.2,False,56.2,-56.2
23.0,Sat,2020-01-18,15:00,Southampton,0.7,2–3,2.4,Wolves,31152.0,St. Mary's Stadium,Darren England,Match Report,,2.0,3.0,Southampton,Wolves,56.1,52.8,-9.0,52.0,54.1,38.0,11.0,59.0,-1.7,False,2.0,-2.0
23.0,Sat,2020-01-18,15:00,Brighton,1.1,1–1,0.6,Aston Villa,30551.0,The American Express Community Stadium,Andy Madley,Match Report,,1.0,1.0,Brighton,Aston Villa,45.4,55.0,-15.0,41.0,44.3,67.8,-26.0,35.0,0.5000000000000001,False,1.1000000000000014,-1.1000000000000014
23.0,Sat,2020-01-18,15:00,West Ham,1.3,1–1,1.7,Everton,59915.0,London Stadium,Andre Marriner,Match Report,,1.0,1.0,West Ham,Everton,48.6,63.8,-13.0,39.0,50.8,48.3,-12.0,49.0,-0.3999999999999999,False,-2.1999999999999957,2.1999999999999957
23.0,Sat,2020-01-18,17:30,Newcastle Utd,0.6,1–0,2.4,Chelsea,52217.0,St. James' Park,Chris Kavanagh,Match Report,,1.0,0.0,Newcastle Utd,Chelsea,35.5,65.6,-20.0,44.0,69.2,38.6,15.0,66.0,-1.7999999999999998,True,-33.7,33.7
23.0,Sun,2020-01-19,14:00,Burnley,1.4,2–1,2.5,Leicester City,19788.0,Turf Moor,Anthony Taylor,Match Report,,2.0,1.0,Burnley,Leicester City,47.4,49.8,-7.0,54.0,62.2,45.5,26.0,62.0,-1.1,True,-14.800000000000004,14.800000000000004
23.0,Sun,2020-01-19,16:30,Liverpool,1.9,2–0,1.3,Manchester Utd,52916.0,Anfield,Craig Pawson,Match Report,,2.0,0.0,Liverpool,Manchester Utd,68.9,37.7,52.0,99.0,62.2,37.7,30.0,66.0,0.5999999999999999,False,6.700000000000003,-6.700000000000003
,,,,,,,,,,,,,,,,,,,,,,,,,,,False,,
24.0,Tue,2020-01-21,19:30,Crystal Palace,0.6,0–2,1.1,Southampton,23739.0,Selhurst Park,Andre Marriner,Match Report,,0.0,2.0,Crystal Palace,Southampton,35.8,57.0,-19.0,43.0,56.1,52.8,-9.0,52.0,-0.5000000000000001,False,-20.300000000000004,20.300000000000004
24.0,Tue,2020-01-21,19:30,Everton,1.8,2–2,1.3,Newcastle Utd,38822.0,Goodison Park,Simon Hooper,Match Report,,2.0,2.0,Everton,Newcastle Utd,50.8,48.3,-12.0,49.0,35.5,65.6,-20.0,44.0,0.5,False,15.299999999999997,-15.299999999999997
24.0,Tue,2020-01-21,19:30,Aston Villa,1.3,2–1,1.8,Watford,40867.0,Villa Park,Martin Atkinson,Match Report,,2.0,1.0,Aston Villa,Watford,44.3,67.8,-26.0,35.0,48.9,58.1,-28.0,34.0,-0.5,True,-4.600000000000001,4.600000000000001
24.0,Tue,2020-01-21,19:30,Sheffield Utd,0.8,0–1,2.8,Manchester City,31285.0,Bramall Lane,Lee Mason,Match Report,,0.0,1.0,Sheffield Utd,Manchester City,43.0,51.0,0.0,54.0,92.0,36.2,67.0,81.0,-1.9999999999999998,False,-49.0,49.0
24.0,Tue,2020-01-21,19:30,Bournemouth,1.4,3–1,1.8,Brighton,10065.0,Vitality Stadium,Kevin Friend,Match Report,,3.0,1.0,Bournemouth,Brighton,44.8,62.3,-25.0,34.0,45.4,55.0,-15.0,41.0,-0.40000000000000013,True,-0.6000000000000014,0.6000000000000014
24.0,Tue,2020-01-21,20:15,Chelsea,2.9,2–2,0.4,Arsenal,40577.0,Stamford Bridge,Stuart Attwell,Match Report,,2.0,2.0,Chelsea,Arsenal,69.2,38.6,15.0,66.0,47.0,55.3,8.0,56.0,2.5,False,22.200000000000003,-22.200000000000003
24.0,Wed,2020-01-22,19:30,Leicester City,2.8,4–1,1.6,West Ham,31968.0,King Power Stadium,David Coote,Match Report,,4.0,1.0,Leicester City,West Ham,62.2,45.5,26.0,62.0,48.6,63.8,-13.0,39.0,1.1999999999999997,False,13.600000000000001,-13.600000000000001
24.0,Wed,2020-01-22,19:30,Tottenham,2.1,2–1,1.5,Norwich City,58182.0,Tottenham Hotspur Stadium,Chris Kavanagh,Match Report,,2.0,1.0,Tottenham,Norwich City,47.9,54.2,14.0,59.0,37.0,66.5,-49.0,21.0,0.6000000000000001,False,10.899999999999999,-10.899999999999999
24.0,Wed,2020-01-22,20:15,Manchester Utd,1.4,0–2,0.6,Burnley,73198.0,Old Trafford,Jonathan Moss,Match Report,,0.0,2.0,Manchester Utd,Burnley,62.2,37.7,30.0,66.0,47.4,49.8,-7.0,54.0,0.7999999999999999,True,14.800000000000004,-14.800000000000004
24.0,Thu,2020-01-23,20:00,Wolves,1.8,1–2,1.1,Liverpool,31746.0,Molineux Stadium,Michael Oliver,Match Report,,1.0,2.0,Wolves,Liverpool,54.1,38.0,11.0,59.0,68.9,37.7,52.0,99.0,0.7,True,-14.800000000000004,14.800000000000004
,,,,,,,,,,,,,,,,,,,,,,,,,,,False,,
18.0,Wed,2020-01-29,19:45,West Ham,0.7,0–2,2.8,Liverpool,59959.0,London Stadium,Jonathan Moss,Match Report,,0.0,2.0,West Ham,Liverpool,48.6,63.8,-13.0,39.0,68.9,37.7,52.0,99.0,-2.0999999999999996,False,-20.300000000000004,20.300000000000004
,,,,,,,,,,,,,,,,,,,,,,,,,,,False,,
25.0,Sat,2020-02-01,12:30,Leicester City,1.4,2–2,0.6,Chelsea,32186.0,King Power Stadium,Lee Mason,Match Report,,2.0,2.0,Leicester City,Chelsea,62.2,45.5,26.0,62.0,69.2,38.6,15.0,66.0,0.7999999999999999,False,-7.0,7.0
25.0,Sat,2020-02-01,15:00,West Ham,0.8,3–3,1.9,Brighton,59952.0,London Stadium,Michael Oliver,Match Report,,3.0,3.0,West Ham,Brighton,48.6,63.8,-13.0,39.0,45.4,55.0,-15.0,41.0,-1.0999999999999999,False,3.200000000000003,-3.200000000000003
25.0,Sat,2020-02-01,15:00,Watford,0.9,2–3,2.2,Everton,21229.0,Vicarage Road Stadium,Craig Pawson,Match Report,,2.0,3.0,Watford,Everton,48.9,58.1,-28.0,34.0,50.8,48.3,-12.0,49.0,-1.3000000000000003,False,-1.8999999999999986,1.8999999999999986
25.0,Sat,2020-02-01,15:00,Crystal Palace,0.8,0–1,0.7,Sheffield Utd,25170.0,Selhurst Park,Andy Madley,Match Report,,0.0,1.0,Crystal Palace,Sheffield Utd,35.8,57.0,-19.0,43.0,43.0,51.0,0.0,54.0,0.10000000000000009,True,-7.200000000000003,7.200000000000003
25.0,Sat,2020-02-01,15:00,Liverpool,3.2,4–0,0.8,Southampton,53291.0,Anfield,Kevin Friend,Match Report,,4.0,0.0,Liverpool,Southampton,68.9,37.7,52.0,99.0,56.1,52.8,-9.0,52.0,2.4000000000000004,False,12.800000000000004,-12.800000000000004
25.0,Sat,2020-02-01,15:00,Bournemouth,2.2,2–1,1.7,Aston Villa,10722.0,Vitality Stadium,Anthony Taylor,Match Report,,2.0,1.0,Bournemouth,Aston Villa,44.8,62.3,-25.0,34.0,44.3,67.8,-26.0,35.0,0.5000000000000002,False,0.5,-0.5
25.0,Sat,2020-02-01,15:00,Newcastle Utd,1.0,0–0,2.2,Norwich City,52204.0,St. James' Park,Martin Atkinson,Match Report,,0.0,0.0,Newcastle Utd,Norwich City,35.5,65.6,-20.0,44.0,37.0,66.5,-49.0,21.0,-1.2000000000000002,False,-1.5,1.5
25.0,Sat,2020-02-01,17:30,Manchester Utd,1.0,0–0,1.3,Wolves,73363.0,Old Trafford,Paul Tierney,Match Report,,0.0,0.0,Manchester Utd,Wolves,62.2,37.7,30.0,66.0,54.1,38.0,11.0,59.0,-0.30000000000000004,False,8.100000000000001,-8.100000000000001
25.0,Sun,2020-02-02,14:00,Burnley,1.9,0–0,1.2,Arsenal,21048.0,Turf Moor,Chris Kavanagh,Match Report,,0.0,0.0,Burnley,Arsenal,47.4,49.8,-7.0,54.0,47.0,55.3,8.0,56.0,0.7,False,0.3999999999999986,-0.3999999999999986
25.0,Sun,2020-02-02,16:30,Tottenham,0.3,2–0,2.4,Manchester City,61022.0,Tottenham Hotspur Stadium,Mike Dean,Match Report,,2.0,0.0,Tottenham,Manchester City,47.9,54.2,14.0,59.0,92.0,36.2,67.0,81.0,-2.1,True,-44.1,44.1
,,,,,,,,,,,,,,,,,,,,,,,,,,,False,,
26.0,Sat,2020-02-08,12:30,Everton,2.5,3–1,1.1,Crystal Palace,38987.0,Goodison Park,David Coote,Match Report,,3.0,1.0,Everton,Crystal Palace,50.8,48.3,-12.0,49.0,35.8,57.0,-19.0,43.0,1.4,False,15.0,-15.0
26.0,Sat,2020-02-08,17:30,Brighton,0.8,1–1,0.2,Watford,30443.0,The American Express Community Stadium,Kevin Friend,Match Report,,1.0,1.0,Brighton,Watford,45.4,55.0,-15.0,41.0,48.9,58.1,-28.0,34.0,0.6000000000000001,False,-3.5,3.5
26.0,Sun,2020-02-09,14:00,Sheffield Utd,1.9,2–1,1.4,Bournemouth,30361.0,Bramall Lane,Jonathan Moss,Match Report,,2.0,1.0,Sheffield Utd,Bournemouth,43.0,51.0,0.0,54.0,44.8,62.3,-25.0,34.0,0.5,False,-1.7999999999999972,1.7999999999999972
26.0,Fri,2020-02-14,20:00,Wolves,1.0,0–0,0.7,Leicester City,31682.0,Molineux Stadium,Mike Dean,Match Report,,0.0,0.0,Wolves,Leicester City,54.1,38.0,11.0,59.0,62.2,45.5,26.0,62.0,0.30000000000000004,False,-8.100000000000001,8.100000000000001
26.0,Sat,2020-02-15,12:30,Southampton,0.8,1–2,0.8,Burnley,26302.0,St. Mary's Stadium,Simon Hooper,Match Report,,1.0,2.0,Southampton,Burnley,56.1,52.8,-9.0,52.0,47.4,49.8,-7.0,54.0,0.0,False,8.700000000000003,-8.700000000000003
26.0,Sat,2020-02-15,17:30,Norwich City,0.3,0–1,2.0,Liverpool,27110.0,Carrow Road,Stuart Attwell,Match Report,,0.0,1.0,Norwich City,Liverpool,37.0,66.5,-49.0,21.0,68.9,37.7,52.0,99.0,-1.7,False,-31.900000000000006,31.900000000000006
26.0,Sun,2020-02-16,14:00,Aston Villa,1.8,2–3,3.4,Tottenham,41874.0,Villa Park,Martin Atkinson,Match Report,,2.0,3.0,Aston Villa,Tottenham,44.3,67.8,-26.0,35.0,47.9,54.2,14.0,59.0,-1.5999999999999999,False,-3.6000000000000014,3.6000000000000014
26.0,Sun,2020-02-16,16:30,Arsenal,2.6,4–0,0.9,Newcastle Utd,60188.0,Emirates Stadium,Lee Mason,Match Report,,4.0,0.0,Arsenal,Newcastle Utd,47.0,55.3,8.0,56.0,35.5,65.6,-20.0,44.0,1.7000000000000002,False,11.5,-11.5
26.0,Mon,2020-02-17,20:00,Chelsea,0.9,0–2,0.6,Manchester Utd,40504.0,Stamford Bridge,Anthony Taylor,Match Report,,0.0,2.0,Chelsea,Manchester Utd,69.2,38.6,15.0,66.0,62.2,37.7,30.0,66.0,0.30000000000000004,True,7.0,-7.0
26.0,Wed,2020-02-19,19:30,Manchester City,2.1,2–0,0.1,West Ham,52159.0,Etihad Stadium,Kevin Friend,Match Report,,2.0,0.0,Manchester City,West Ham,92.0,36.2,67.0,81.0,48.6,63.8,-13.0,39.0,2.0,False,43.4,-43.4
,,,,,,,,,,,,,,,,,,,,,,,,,,,False,,
27.0,Sat,2020-02-22,12:30,Chelsea,1.7,2–1,0.2,Tottenham,40608.0,Stamford Bridge,Michael Oliver,Match Report,,2.0,1.0,Chelsea,Tottenham,69.2,38.6,15.0,66.0,47.9,54.2,14.0,59.0,1.5,False,21.300000000000004,-21.300000000000004
27.0,Sat,2020-02-22,15:00,Crystal Palace,1.6,1–0,0.2,Newcastle Utd,25486.0,Selhurst Park,Peter Bankes,Match Report,,1.0,0.0,Crystal Palace,Newcastle Utd,35.8,57.0,-19.0,43.0,35.5,65.6,-20.0,44.0,1.4000000000000001,False,0.29999999999999716,-0.29999999999999716
27.0,Sat,2020-02-22,15:00,Southampton,2.6,2–0,0.5,Aston Villa,31478.0,St. Mary's Stadium,Craig Pawson,Match Report,,2.0,0.0,Southampton,Aston Villa,56.1,52.8,-9.0,52.0,44.3,67.8,-26.0,35.0,2.1,False,11.800000000000004,-11.800000000000004
27.0,Sat,2020-02-22,15:00,Burnley,3.2,3–0,1.8,Bournemouth,18227.0,Turf Moor,Mike Dean,Match Report,,3.0,0.0,Burnley,Bournemouth,47.4,49.8,-7.0,54.0,44.8,62.3,-25.0,34.0,1.4000000000000001,False,2.6000000000000014,-2.6000000000000014
27.0,Sat,2020-02-22,15:00,Sheffield Utd,1.6,1–1,1.2,Brighton,31888.0,Bramall Lane,Graham Scott,Match Report,,1.0,1.0,Sheffield Utd,Brighton,43.0,51.0,0.0,54.0,45.4,55.0,-15.0,41.0,0.40000000000000013,False,-2.3999999999999986,2.3999999999999986
27.0,Sat,2020-02-22,17:30,Leicester City,0.8,0–1,2.4,Manchester City,32068.0,King Power Stadium,Paul Tierney,Match Report,,0.0,1.0,Leicester City,Manchester City,62.2,45.5,26.0,62.0,92.0,36.2,67.0,81.0,-1.5999999999999999,False,-29.799999999999997,29.799999999999997
27.0,Sun,2020-02-23,14:00,Wolves,2.9,3–0,0.4,Norwich City,31046.0,Molineux Stadium,Chris Kavanagh,Match Report,,3.0,0.0,Wolves,Norwich City,54.1,38.0,11.0,59.0,37.0,66.5,-49.0,21.0,2.5,False,17.1,-17.1
27.0,Sun,2020-02-23,14:00,Manchester Utd,2.4,3–0,0.3,Watford,73347.0,Old Trafford,Martin Atkinson,Match Report,,3.0,0.0,Manchester Utd,Watford,62.2,37.7,30.0,66.0,48.9,58.1,-28.0,34.0,2.1,False,13.300000000000004,-13.300000000000004
27.0,Sun,2020-02-23,16:30,Arsenal,1.3,3–2,2.7,Everton,60296.0,Emirates Stadium,Stuart Attwell,Match Report,,3.0,2.0,Arsenal,Everton,47.0,55.3,8.0,56.0,50.8,48.3,-12.0,49.0,-1.4000000000000001,True,-3.799999999999997,3.799999999999997
27.0,Mon,2020-02-24,20:00,Liverpool,2.4,3–2,0.7,West Ham,53313.0,Anfield,Jonathan Moss,Match Report,,3.0,2.0,Liverpool,West Ham,68.9,37.7,52.0,99.0,48.6,63.8,-13.0,39.0,1.7,False,20.300000000000004,-20.300000000000004
,,,,,,,,,,,,,,,,,,,,,,,,,,,False,,
28.0,Fri,2020-02-28,20:00,Norwich City,0.6,1–0,1.3,Leicester City,27010.0,Carrow Road,Craig Pawson,Match Report,,1.0,0.0,Norwich City,Leicester City,37.0,66.5,-49.0,21.0,62.2,45.5,26.0,62.0,-0.7000000000000001,True,-25.200000000000003,25.200000000000003
28.0,Sat,2020-02-29,12:30,Brighton,2.2,0–1,2.5,Crystal Palace,30124.0,The American Express Community Stadium,Martin Atkinson,Match Report,,0.0,1.0,Brighton,Crystal Palace,45.4,55.0,-15.0,41.0,35.8,57.0,-19.0,43.0,-0.2999999999999998,False,9.600000000000001,-9.600000000000001
28.0,Sat,2020-02-29,15:00,West Ham,2.3,3–1,0.7,Southampton,59962.0,London Stadium,Anthony Taylor,Match Report,,3.0,1.0,West Ham,Southampton,48.6,63.8,-13.0,39.0,56.1,52.8,-9.0,52.0,1.5999999999999999,False,-7.5,7.5
28.0,Sat,2020-02-29,15:00,Bournemouth,1.4,2–2,1.9,Chelsea,10667.0,Vitality Stadium,Andre Marriner,Match Report,,2.0,2.0,Bournemouth,Chelsea,44.8,62.3,-25.0,34.0,69.2,38.6,15.0,66.0,-0.5,False,-24.400000000000006,24.400000000000006
28.0,Sat,2020-02-29,15:00,Newcastle Utd,1.1,0–0,0.7,Burnley,52219.0,St. James' Park,Andy Madley,Match Report,,0.0,0.0,Newcastle Utd,Burnley,35.5,65.6,-20.0,44.0,47.4,49.8,-7.0,54.0,0.40000000000000013,False,-11.899999999999999,11.899999999999999
28.0,Sat,2020-02-29,17:30,Watford,2.3,3–0,0.3,Liverpool,21634.0,Vicarage Road Stadium,Michael Oliver,Match Report,,3.0,0.0,Watford,Liverpool,48.9,58.1,-28.0,34.0,68.9,37.7,52.0,99.0,1.9999999999999998,False,-20.000000000000007,20.000000000000007
28.0,Sun,2020-03-01,14:00,Tottenham,1.7,2–3,2.6,Wolves,58064.0,Tottenham Hotspur Stadium,Stuart Attwell,Match Report,,2.0,3.0,Tottenham,Wolves,47.9,54.2,14.0,59.0,54.1,38.0,11.0,59.0,-0.9000000000000001,False,-6.200000000000003,6.200000000000003
28.0,Sun,2020-03-01,14:00,Everton,2.1,1–1,1.1,Manchester Utd,39374.0,Goodison Park,Chris Kavanagh,Match Report,,1.0,1.0,Everton,Manchester Utd,50.8,48.3,-12.0,49.0,62.2,37.7,30.0,66.0,1.0,False,-11.400000000000006,11.400000000000006
,,,,,,,,,,,,,,,,,,,,,,,,,,,False,,
29.0,Sat,2020-03-07,12:30,Liverpool,1.8,2–1,1.4,Bournemouth,53323.0,Anfield,Paul Tierney,Match Report,,2.0,1.0,Liverpool,Bournemouth,68.9,37.7,52.0,99.0,44.8,62.3,-25.0,34.0,0.40000000000000013,False,24.10000000000001,-24.10000000000001
29.0,Sat,2020-03-07,15:00,Wolves,0.8,0–0,0.3,Brighton,31490.0,Molineux Stadium,Andre Marriner,Match Report,,0.0,0.0,Wolves,Brighton,54.1,38.0,11.0,59.0,45.4,55.0,-15.0,41.0,0.5,False,8.700000000000003,-8.700000000000003
29.0,Sat,2020-03-07,15:00,Crystal Palace,0.8,1–0,0.6,Watford,25461.0,Selhurst Park,Anthony Taylor,Match Report,,1.0,0.0,Crystal Palace,Watford,35.8,57.0,-19.0,43.0,48.9,58.1,-28.0,34.0,0.20000000000000007,False,-13.100000000000001,13.100000000000001
29.0,Sat,2020-03-07,15:00,Southampton,0.6,0–1,2.8,Newcastle Utd,30096.0,St. Mary's Stadium,Graham Scott,Match Report,,0.0,1.0,Southampton,Newcastle Utd,56.1,52.8,-9.0,52.0,35.5,65.6,-20.0,44.0,-2.1999999999999997,False,20.6,-20.6
29.0,Sat,2020-03-07,15:00,Arsenal,1.2,1–0,1.5,West Ham,60335.0,Emirates Stadium,Martin Atkinson,Match Report,,1.0,0.0,Arsenal,West Ham,47.0,55.3,8.0,56.0,48.6,63.8,-13.0,39.0,-0.30000000000000004,True,-1.6000000000000014,1.6000000000000014
29.0,Sat,2020-03-07,15:00,Sheffield Utd,0.9,1–0,2.4,Norwich City,31379.0,Bramall Lane,Simon Hooper,Match Report,,1.0,0.0,Sheffield Utd,Norwich City,43.0,51.0,0.0,54.0,37.0,66.5,-49.0,21.0,-1.5,True,6.0,-6.0
29.0,Sat,2020-03-07,17:30,Burnley,3.0,1–1,1.2,Tottenham,20496.0,Turf Moor,Jonathan Moss,Match Report,,1.0,1.0,Burnley,Tottenham,47.4,49.8,-7.0,54.0,47.9,54.2,14.0,59.0,1.8,False,-0.5,0.5
29.0,Sun,2020-03-08,14:00,Chelsea,1.8,4–0,0.5,Everton,40694.0,Stamford Bridge,Kevin Friend,Match Report,,4.0,0.0,Chelsea,Everton,69.2,38.6,15.0,66.0,50.8,48.3,-12.0,49.0,1.3,False,18.400000000000006,-18.400000000000006
29.0,Sun,2020-03-08,16:30,Manchester Utd,1.6,2–0,0.6,Manchester City,73288.0,Old Trafford,Mike Dean,Match Report,,2.0,0.0,Manchester Utd,Manchester City,62.2,37.7,30.0,66.0,92.0,36.2,67.0,81.0,1.0,False,-29.799999999999997,29.799999999999997
29.0,Mon,2020-03-09,20:00,Leicester City,2.1,4–0,0.5,Aston Villa,32125.0,King Power Stadium,Michael Oliver,Match Report,,4.0,0.0,Leicester City,Aston Villa,62.2,45.5,26.0,62.0,44.3,67.8,-26.0,35.0,1.6,False,17.900000000000006,-17.900000000000006
,,,,,,,,,,,,,,,,,,,,,,,,,,,False,,
28.0,Wed,2020-06-17,18:00,Aston Villa,1.4,0–0,0.3,Sheffield Utd,,Villa Park,Michael Oliver,Match Report,,0.0,0.0,Aston Villa,Sheffield Utd,44.3,67.8,-26.0,35.0,43.0,51.0,0.0,54.0,1.0999999999999999,False,1.2999999999999972,-1.2999999999999972
28.0,Wed,2020-06-17,20:15,Manchester City,2.6,3–0,0.3,Arsenal,,Etihad Stadium,Anthony Taylor,Match Report,,3.0,0.0,Manchester City,Arsenal,92.0,36.2,67.0,81.0,47.0,55.3,8.0,56.0,2.3000000000000003,False,45.0,-45.0
,,,,,,,,,,,,,,,,,,,,,,,,,,,False,,
30.0,Fri,2020-06-19,18:00,Norwich City,0.6,0–3,1.7,Southampton,,Carrow Road,Kevin Friend,Match Report,,0.0,3.0,Norwich City,Southampton,37.0,66.5,-49.0,21.0,56.1,52.8,-9.0,52.0,-1.1,False,-19.1,19.1
30.0,Fri,2020-06-19,20:15,Tottenham,0.4,1–1,1.7,Manchester Utd,,Tottenham Hotspur Stadium,Jonathan Moss,Match Report,,1.0,1.0,Tottenham,Manchester Utd,47.9,54.2,14.0,59.0,62.2,37.7,30.0,66.0,-1.2999999999999998,False,-14.300000000000004,14.300000000000004
30.0,Sat,2020-06-20,12:30,Watford,1.3,1–1,1.0,Leicester City,,Vicarage Road Stadium,Craig Pawson,Match Report,,1.0,1.0,Watford,Leicester City,48.9,58.1,-28.0,34.0,62.2,45.5,26.0,62.0,0.30000000000000004,False,-13.300000000000004,13.300000000000004
30.0,Sat,2020-06-20,15:00,Brighton,1.0,2–1,0.8,Arsenal,,The American Express Community Stadium,Martin Atkinson,Match Report,,2.0,1.0,Brighton,Arsenal,45.4,55.0,-15.0,41.0,47.0,55.3,8.0,56.0,0.19999999999999996,False,-1.6000000000000014,1.6000000000000014
30.0,Sat,2020-06-20,17:30,West Ham,0.5,0–2,1.0,Wolves,,London Stadium,Anthony Taylor,Match Report,,0.0,2.0,West Ham,Wolves,48.6,63.8,-13.0,39.0,54.1,38.0,11.0,59.0,-0.5,False,-5.5,5.5
30.0,Sat,2020-06-20,19:45,Bournemouth,0.5,0–2,0.8,Crystal Palace,,Vitality Stadium,Stuart Attwell,Match Report,,0.0,2.0,Bournemouth,Crystal Palace,44.8,62.3,-25.0,34.0,35.8,57.0,-19.0,43.0,-0.30000000000000004,False,9.0,-9.0
30.0,Sun,2020-06-21,14:00,Newcastle Utd,2.0,3–0,0.6,Sheffield Utd,,St. James' Park,David Coote,Match Report,,3.0,0.0,Newcastle Utd,Sheffield Utd,35.5,65.6,-20.0,44.0,43.0,51.0,0.0,54.0,1.4,False,-7.5,7.5
30.0,Sun,2020-06-21,16:15,Aston Villa,1.0,1–2,1.1,Chelsea,,Villa Park,Paul Tierney,Match Report,,1.0,2.0,Aston Villa,Chelsea,44.3,67.8,-26.0,35.0,69.2,38.6,15.0,66.0,-0.10000000000000009,False,-24.900000000000006,24.900000000000006
30.0,Sun,2020-06-21,19:00,Everton,0.9,0–0,0.7,Liverpool,,Goodison Park,Mike Dean,Match Report,,0.0,0.0,Everton,Liverpool,50.8,48.3,-12.0,49.0,68.9,37.7,52.0,99.0,0.20000000000000007,False,-18.10000000000001,18.10000000000001
30.0,Mon,2020-06-22,20:00,Manchester City,2.4,5–0,0.0,Burnley,,Etihad Stadium,Andre Marriner,Match Report,,5.0,0.0,Manchester City,Burnley,92.0,36.2,67.0,81.0,47.4,49.8,-7.0,54.0,2.4,False,44.6,-44.6
,,,,,,,,,,,,,,,,,,,,,,,,,,,False,,
31.0,Tue,2020-06-23,18:00,Leicester City,0.6,0–0,1.1,Brighton,,King Power Stadium,Lee Mason,Match Report,,0.0,0.0,Leicester City,Brighton,62.2,45.5,26.0,62.0,45.4,55.0,-15.0,41.0,-0.5000000000000001,False,16.800000000000004,-16.800000000000004
31.0,Tue,2020-06-23,20:15,Tottenham,2.3,2–0,1.2,West Ham,,Tottenham Hotspur Stadium,Craig Pawson,Match Report,,2.0,0.0,Tottenham,West Ham,47.9,54.2,14.0,59.0,48.6,63.8,-13.0,39.0,1.0999999999999999,False,-0.7000000000000028,0.7000000000000028
31.0,Wed,2020-06-24,18:00,Norwich City,0.4,0–1,0.8,Everton,,Carrow Road,Andy Madley,Match Report,,0.0,1.0,Norwich City,Everton,37.0,66.5,-49.0,21.0,50.8,48.3,-12.0,49.0,-0.4,False,-13.799999999999997,13.799999999999997
31.0,Wed,2020-06-24,18:00,Wolves,1.7,1–0,0.1,Bournemouth,,Molineux Stadium,Michael Oliver,Match Report,,1.0,0.0,Wolves,Bournemouth,54.1,38.0,11.0,59.0,44.8,62.3,-25.0,34.0,1.5999999999999999,False,9.300000000000004,-9.300000000000004
31.0,Wed,2020-06-24,18:00,Manchester Utd,2.4,3–0,0.1,Sheffield Utd,,Old Trafford,Anthony Taylor,Match Report,,3.0,0.0,Manchester Utd,Sheffield Utd,62.2,37.7,30.0,66.0,43.0,51.0,0.0,54.0,2.3,False,19.200000000000003,-19.200000000000003
31.0,Wed,2020-06-24,18:00,Newcastle Utd,0.9,1–1,1.6,Aston Villa,,St. James' Park,Chris Kavanagh,Match Report,,1.0,1.0,Newcastle Utd,Aston Villa,35.5,65.6,-20.0,44.0,44.3,67.8,-26.0,35.0,-0.7000000000000001,False,-8.799999999999997,8.799999999999997
31.0,Wed,2020-06-24,20:15,Liverpool,2.4,4–0,0.1,Crystal Palace,,Anfield,Martin Atkinson,Match Report,,4.0,0.0,Liverpool,Crystal Palace,68.9,37.7,52.0,99.0,35.8,57.0,-19.0,43.0,2.3,False,33.10000000000001,-33.10000000000001
31.0,Thu,2020-06-25,18:00,Southampton,0.9,0–2,1.9,Arsenal,,St. Mary's Stadium,Graham Scott,Match Report,,0.0,2.0,Southampton,Arsenal,56.1,52.8,-9.0,52.0,47.0,55.3,8.0,56.0,-0.9999999999999999,False,9.100000000000001,-9.100000000000001
31.0,Thu,2020-06-25,18:00,Burnley,0.9,1–0,0.7,Watford,,Turf Moor,Mike Dean,Match Report,,1.0,0.0,Burnley,Watford,47.4,49.8,-7.0,54.0,48.9,58.1,-28.0,34.0,0.20000000000000007,False,-1.5,1.5
31.0,Thu,2020-06-25,20:15,Chelsea,3.2,2–1,0.8,Manchester City,,Stamford Bridge,Stuart Attwell,Match Report,,2.0,1.0,Chelsea,Manchester City,69.2,38.6,15.0,66.0,92.0,36.2,67.0,81.0,2.4000000000000004,False,-22.799999999999997,22.799999999999997
,,,,,,,,,,,,,,,,,,,,,,,,,,,False,,
32.0,Sat,2020-06-27,12:30,Aston Villa,0.6,0–1,0.7,Wolves,,Villa Park,Craig Pawson,Match Report,,0.0,1.0,Aston Villa,Wolves,44.3,67.8,-26.0,35.0,54.1,38.0,11.0,59.0,-0.09999999999999998,False,-9.800000000000004,9.800000000000004
32.0,Sun,2020-06-28,16:30,Watford,0.5,1–3,1.3,Southampton,,Vicarage Road Stadium,Michael Oliver,Match Report,,1.0,3.0,Watford,Southampton,48.9,58.1,-28.0,34.0,56.1,52.8,-9.0,52.0,-0.8,False,-7.200000000000003,7.200000000000003
32.0,Mon,2020-06-29,20:00,Crystal Palace,0.9,0–1,0.4,Burnley,,Selhurst Park,Simon Hooper,Match Report,,0.0,1.0,Crystal Palace,Burnley,35.8,57.0,-19.0,43.0,47.4,49.8,-7.0,54.0,0.5,True,-11.600000000000001,11.600000000000001
32.0,Tue,2020-06-30,20:15,Brighton,0.4,0–3,1.0,Manchester Utd,,The American Express Community Stadium,Andre Marriner,Match Report,,0.0,3.0,Brighton,Manchester Utd,45.4,55.0,-15.0,41.0,62.2,37.7,30.0,66.0,-0.6,False,-16.800000000000004,16.800000000000004
32.0,Wed,2020-07-01,18:00,Bournemouth,1.6,1–4,1.8,Newcastle Utd,,Vitality Stadium,Kevin Friend,Match Report,,1.0,4.0,Bournemouth,Newcastle Utd,44.8,62.3,-25.0,34.0,35.5,65.6,-20.0,44.0,-0.19999999999999996,False,9.299999999999997,-9.299999999999997
32.0,Wed,2020-07-01,18:00,Everton,1.2,2–1,1.8,Leicester City,,Goodison Park,David Coote,Match Report,,2.0,1.0,Everton,Leicester City,50.8,48.3,-12.0,49.0,62.2,45.5,26.0,62.0,-0.6000000000000001,True,-11.400000000000006,11.400000000000006
32.0,Wed,2020-07-01,18:00,Arsenal,1.5,4–0,0.3,Norwich City,,Emirates Stadium,Peter Bankes,Match Report,,4.0,0.0,Arsenal,Norwich City,47.0,55.3,8.0,56.0,37.0,66.5,-49.0,21.0,1.2,False,10.0,-10.0
32.0,Wed,2020-07-01,20:15,West Ham,2.2,3–2,1.6,Chelsea,,London Stadium,Martin Atkinson,Match Report,,3.0,2.0,West Ham,Chelsea,48.6,63.8,-13.0,39.0,69.2,38.6,15.0,66.0,0.6000000000000001,False,-20.6,20.6
32.0,Thu,2020-07-02,18:00,Sheffield Utd,1.6,3–1,1.1,Tottenham,,Bramall Lane,Chris Kavanagh,Match Report,,3.0,1.0,Sheffield Utd,Tottenham,43.0,51.0,0.0,54.0,47.9,54.2,14.0,59.0,0.5,False,-4.899999999999999,4.899999999999999
32.0,Thu,2020-07-02,20:15,Manchester City,2.4,4–0,1.1,Liverpool,,Etihad Stadium,Anthony Taylor,Match Report,,4.0,0.0,Manchester City,Liverpool,92.0,36.2,67.0,81.0,68.9,37.7,52.0,99.0,1.2999999999999998,False,23.099999999999994,-23.099999999999994
,,,,,,,,,,,,,,,,,,,,,,,,,,,False,,
33.0,Sat,2020-07-04,12:30,Norwich City,0.6,0–1,1.0,Brighton,,Carrow Road,Stuart Attwell,Match Report,,0.0,1.0,Norwich City,Brighton,37.0,66.5,-49.0,21.0,45.4,55.0,-15.0,41.0,-0.4,False,-8.399999999999999,8.399999999999999
33.0,Sat,2020-07-04,15:00,Leicester City,2.8,3–0,0.8,Crystal Palace,,King Power Stadium,Jonathan Moss,Match Report,,3.0,0.0,Leicester City,Crystal Palace,62.2,45.5,26.0,62.0,35.8,57.0,-19.0,43.0,1.9999999999999998,False,26.400000000000006,-26.400000000000006
33.0,Sat,2020-07-04,15:00,Manchester Utd,2.5,5–2,1.8,Bournemouth,,Old Trafford,Mike Dean,Match Report,,5.0,2.0,Manchester Utd,Bournemouth,62.2,37.7,30.0,66.0,44.8,62.3,-25.0,34.0,0.7,False,17.400000000000006,-17.400000000000006
33.0,Sat,2020-07-04,17:30,Wolves,1.2,0–2,1.3,Arsenal,,Molineux Stadium,Michael Oliver,Match Report,,0.0,2.0,Wolves,Arsenal,54.1,38.0,11.0,59.0,47.0,55.3,8.0,56.0,-0.10000000000000009,False,7.100000000000001,-7.100000000000001
33.0,Sat,2020-07-04,20:00,Chelsea,2.5,3–0,0.6,Watford,,Stamford Bridge,Kevin Friend,Match Report,,3.0,0.0,Chelsea,Watford,69.2,38.6,15.0,66.0,48.9,58.1,-28.0,34.0,1.9,False,20.300000000000004,-20.300000000000004
33.0,Sun,2020-07-05,12:00,Burnley,1.3,1–1,1.1,Sheffield Utd,,Turf Moor,Peter Bankes,Match Report,,1.0,1.0,Burnley,Sheffield Utd,47.4,49.8,-7.0,54.0,43.0,51.0,0.0,54.0,0.19999999999999996,False,4.399999999999999,-4.399999999999999
33.0,Sun,2020-07-05,14:15,Newcastle Utd,1.4,2–2,2.1,West Ham,,St. James' Park,Craig Pawson,Match Report,,2.0,2.0,Newcastle Utd,West Ham,35.5,65.6,-20.0,44.0,48.6,63.8,-13.0,39.0,-0.7000000000000002,False,-13.100000000000001,13.100000000000001
33.0,Sun,2020-07-05,16:30,Liverpool,0.7,2–0,0.7,Aston Villa,,Anfield,Paul Tierney,Match Report,,2.0,0.0,Liverpool,Aston Villa,68.9,37.7,52.0,99.0,44.3,67.8,-26.0,35.0,0.0,False,24.60000000000001,-24.60000000000001
33.0,Sun,2020-07-05,19:00,Southampton,0.6,1–0,3.2,Manchester City,,St. Mary's Stadium,Andre Marriner,Match Report,,1.0,0.0,Southampton,Manchester City,56.1,52.8,-9.0,52.0,92.0,36.2,67.0,81.0,-2.6,True,-35.9,35.9
33.0,Mon,2020-07-06,20:00,Tottenham,0.5,1–0,0.5,Everton,,Tottenham Hotspur Stadium,Graham Scott,Match Report,,1.0,0.0,Tottenham,Everton,47.9,54.2,14.0,59.0,50.8,48.3,-12.0,49.0,0.0,False,-2.8999999999999986,2.8999999999999986
,,,,,,,,,,,,,,,,,,,,,,,,,,,False,,
34.0,Tue,2020-07-07,18:00,Crystal Palace,1.5,2–3,1.9,Chelsea,,Selhurst Park,David Coote,Match Report,,2.0,3.0,Crystal Palace,Chelsea,35.8,57.0,-19.0,43.0,69.2,38.6,15.0,66.0,-0.3999999999999999,False,-33.400000000000006,33.400000000000006
34.0,Tue,2020-07-07,18:00,Watford,1.2,2–1,1.2,Norwich City,,Vicarage Road Stadium,Anthony Taylor,Match Report,,2.0,1.0,Watford,Norwich City,48.9,58.1,-28.0,34.0,37.0,66.5,-49.0,21.0,0.0,False,11.899999999999999,-11.899999999999999
34.0,Tue,2020-07-07,20:15,Arsenal,1.1,1–1,0.9,Leicester City,,Emirates Stadium,Chris Kavanagh,Match Report,,1.0,1.0,Arsenal,Leicester City,47.0,55.3,8.0,56.0,62.2,45.5,26.0,62.0,0.20000000000000007,False,-15.200000000000003,15.200000000000003
34.0,Wed,2020-07-08,18:00,Manchester City,2.8,5–0,0.3,Newcastle Utd,,Etihad Stadium,Andy Madley,Match Report,,5.0,0.0,Manchester City,Newcastle Utd,92.0,36.2,67.0,81.0,35.5,65.6,-20.0,44.0,2.5,False,56.5,-56.5
34.0,Wed,2020-07-08,18:00,West Ham,1.6,0–1,0.9,Burnley,,London Stadium,Michael Oliver,Match Report,,0.0,1.0,West Ham,Burnley,48.6,63.8,-13.0,39.0,47.4,49.8,-7.0,54.0,0.7000000000000001,True,1.2000000000000028,-1.2000000000000028
34.0,Wed,2020-07-08,18:00,Sheffield Utd,0.5,1–0,0.4,Wolves,,Bramall Lane,Martin Atkinson,Match Report,,1.0,0.0,Sheffield Utd,Wolves,43.0,51.0,0.0,54.0,54.1,38.0,11.0,59.0,0.09999999999999998,False,-11.100000000000001,11.100000000000001
34.0,Wed,2020-07-08,20:15,Brighton,2.4,1–3,2.5,Liverpool,,The American Express Community Stadium,Craig Pawson,Match Report,,1.0,3.0,Brighton,Liverpool,45.4,55.0,-15.0,41.0,68.9,37.7,52.0,99.0,-0.10000000000000009,False,-23.500000000000007,23.500000000000007
34.0,Thu,2020-07-09,18:00,Everton,1.0,1–1,2.4,Southampton,,Goodison Park,Lee Mason,Match Report,,1.0,1.0,Everton,Southampton,50.8,48.3,-12.0,49.0,56.1,52.8,-9.0,52.0,-1.4,False,-5.300000000000004,5.300000000000004
34.0,Thu,2020-07-09,18:00,Bournemouth,1.4,0–0,0.5,Tottenham,,Vitality Stadium,Paul Tierney,Match Report,,0.0,0.0,Bournemouth,Tottenham,44.8,62.3,-25.0,34.0,47.9,54.2,14.0,59.0,0.8999999999999999,False,-3.1000000000000014,3.1000000000000014
34.0,Thu,2020-07-09,20:15,Aston Villa,0.5,0–3,2.3,Manchester Utd,,Villa Park,Jonathan Moss,Match Report,,0.0,3.0,Aston Villa,Manchester Utd,44.3,67.8,-26.0,35.0,62.2,37.7,30.0,66.0,-1.7999999999999998,False,-17.900000000000006,17.900000000000006
,,,,,,,,,,,,,,,,,,,,,,,,,,,False,,
35.0,Sat,2020-07-11,12:30,Norwich City,0.6,0–4,3.5,West Ham,,Carrow Road,Kevin Friend,Match Report,,0.0,4.0,Norwich City,West Ham,37.0,66.5,-49.0,21.0,48.6,63.8,-13.0,39.0,-2.9,False,-11.600000000000001,11.600000000000001
35.0,Sat,2020-07-11,12:30,Watford,3.4,2–1,1.3,Newcastle Utd,,Vicarage Road Stadium,Craig Pawson,Match Report,,2.0,1.0,Watford,Newcastle Utd,48.9,58.1,-28.0,34.0,35.5,65.6,-20.0,44.0,2.0999999999999996,False,13.399999999999999,-13.399999999999999
35.0,Sat,2020-07-11,15:00,Liverpool,1.7,1–1,0.4,Burnley,,Anfield,David Coote,Match Report,,1.0,1.0,Liverpool,Burnley,68.9,37.7,52.0,99.0,47.4,49.8,-7.0,54.0,1.2999999999999998,False,21.500000000000007,-21.500000000000007
35.0,Sat,2020-07-11,17:30,Sheffield Utd,2.3,3–0,1.2,Chelsea,,Bramall Lane,Andre Marriner,Match Report,,3.0,0.0,Sheffield Utd,Chelsea,43.0,51.0,0.0,54.0,69.2,38.6,15.0,66.0,1.0999999999999999,False,-26.200000000000003,26.200000000000003
35.0,Sat,2020-07-11,20:00,Brighton,0.2,0–5,4.4,Manchester City,,The American Express Community Stadium,Graham Scott,Match Report,,0.0,5.0,Brighton,Manchester City,45.4,55.0,-15.0,41.0,92.0,36.2,67.0,81.0,-4.2,False,-46.6,46.6
35.0,Sun,2020-07-12,12:00,Wolves,2.6,3–0,0.3,Everton,,Molineux Stadium,Anthony Taylor,Match Report,,3.0,0.0,Wolves,Everton,54.1,38.0,11.0,59.0,50.8,48.3,-12.0,49.0,2.3000000000000003,False,3.3000000000000043,-3.3000000000000043
35.0,Sun,2020-07-12,14:15,Aston Villa,1.7,2–0,1.2,Crystal Palace,,Villa Park,Martin Atkinson,Match Report,,2.0,0.0,Aston Villa,Crystal Palace,44.3,67.8,-26.0,35.0,35.8,57.0,-19.0,43.0,0.5,False,8.5,-8.5
35.0,Sun,2020-07-12,16:30,Tottenham,2.0,2–1,0.6,Arsenal,,Tottenham Hotspur Stadium,Michael Oliver,Match Report,,2.0,1.0,Tottenham,Arsenal,47.9,54.2,14.0,59.0,47.0,55.3,8.0,56.0,1.4,False,0.8999999999999986,-0.8999999999999986
35.0,Sun,2020-07-12,19:00,Bournemouth,2.5,4–1,1.5,Leicester City,,Vitality Stadium,Stuart Attwell,Match Report,,4.0,1.0,Bournemouth,Leicester City,44.8,62.3,-25.0,34.0,62.2,45.5,26.0,62.0,1.0,False,-17.400000000000006,17.400000000000006
35.0,Mon,2020-07-13,20:00,Manchester Utd,1.5,2–2,1.6,Southampton,,Old Trafford,Chris Kavanagh,Match Report,,2.0,2.0,Manchester Utd,Southampton,62.2,37.7,30.0,66.0,56.1,52.8,-9.0,52.0,-0.10000000000000009,False,6.100000000000001,-6.100000000000001
,,,,,,,,,,,,,,,,,,,,,,,,,,,False,,
36.0,Tue,2020-07-14,20:15,Chelsea,2.5,1–0,0.1,Norwich City,,Stamford Bridge,Jonathan Moss,Match Report,,1.0,0.0,Chelsea,Norwich City,69.2,38.6,15.0,66.0,37.0,66.5,-49.0,21.0,2.4,False,32.2,-32.2
36.0,Wed,2020-07-15,18:00,Newcastle Utd,1.1,1–3,1.5,Tottenham,,St. James' Park,David Coote,Match Report,,1.0,3.0,Newcastle Utd,Tottenham,35.5,65.6,-20.0,44.0,47.9,54.2,14.0,59.0,-0.3999999999999999,False,-12.399999999999999,12.399999999999999
36.0,Wed,2020-07-15,18:00,Burnley,1.9,1–1,1.2,Wolves,,Turf Moor,Mike Dean,Match Report,,1.0,1.0,Burnley,Wolves,47.4,49.8,-7.0,54.0,54.1,38.0,11.0,59.0,0.7,False,-6.700000000000003,6.700000000000003
36.0,Wed,2020-07-15,18:00,Manchester City,0.7,2–1,1.6,Bournemouth,,Etihad Stadium,Lee Mason,Match Report,,2.0,1.0,Manchester City,Bournemouth,92.0,36.2,67.0,81.0,44.8,62.3,-25.0,34.0,-0.9000000000000001,True,47.2,-47.2
36.0,Wed,2020-07-15,20:15,Arsenal,0.8,2–1,2.1,Liverpool,,Emirates Stadium,Paul Tierney,Match Report,,2.0,1.0,Arsenal,Liverpool,47.0,55.3,8.0,56.0,68.9,37.7,52.0,99.0,-1.3,True,-21.900000000000006,21.900000000000006
36.0,Thu,2020-07-16,18:00,Leicester City,2.6,2–0,0.7,Sheffield Utd,,King Power Stadium,Michael Oliver,Match Report,,2.0,0.0,Leicester City,Sheffield Utd,62.2,45.5,26.0,62.0,43.0,51.0,0.0,54.0,1.9000000000000001,False,19.200000000000003,-19.200000000000003
36.0,Thu,2020-07-16,18:00,Everton,0.9,1–1,1.3,Aston Villa,,Goodison Park,Anthony Taylor,Match Report,,1.0,1.0,Everton,Aston Villa,50.8,48.3,-12.0,49.0,44.3,67.8,-26.0,35.0,-0.4,False,6.5,-6.5
36.0,Thu,2020-07-16,20:15,Crystal Palace,0.6,0–2,2.2,Manchester Utd,,Selhurst Park,Graham Scott,Match Report,,0.0,2.0,Crystal Palace,Manchester Utd,35.8,57.0,-19.0,43.0,62.2,37.7,30.0,66.0,-1.6,False,-26.400000000000006,26.400000000000006
36.0,Thu,2020-07-16,20:15,Southampton,2.5,1–1,0.7,Brighton,,St. Mary's Stadium,Andre Marriner,Match Report,,1.0,1.0,Southampton,Brighton,56.1,52.8,-9.0,52.0,45.4,55.0,-15.0,41.0,1.8,False,10.700000000000003,-10.700000000000003
36.0,Fri,2020-07-17,20:00,West Ham,0.9,3–1,1.5,Watford,,London Stadium,Martin Atkinson,Match Report,,3.0,1.0,West Ham,Watford,48.6,63.8,-13.0,39.0,48.9,58.1,-28.0,34.0,-0.6,True,-0.29999999999999716,0.29999999999999716
,,,,,,,,,,,,,,,,,,,,,,,,,,,False,,
37.0,Sat,2020-07-18,17:30,Norwich City,0.3,0–2,1.8,Burnley,,Carrow Road,Kevin Friend,Match Report,,0.0,2.0,Norwich City,Burnley,37.0,66.5,-49.0,21.0,47.4,49.8,-7.0,54.0,-1.5,False,-10.399999999999999,10.399999999999999
37.0,Sun,2020-07-19,14:00,Bournemouth,0.5,0–2,2.5,Southampton,,Vitality Stadium,Craig Pawson,Match Report,,0.0,2.0,Bournemouth,Southampton,44.8,62.3,-25.0,34.0,56.1,52.8,-9.0,52.0,-2.0,False,-11.300000000000004,11.300000000000004
37.0,Sun,2020-07-19,16:00,Tottenham,0.8,3–0,1.7,Leicester City,,Tottenham Hotspur Stadium,Anthony Taylor,Match Report,,3.0,0.0,Tottenham,Leicester City,47.9,54.2,14.0,59.0,62.2,45.5,26.0,62.0,-0.8999999999999999,True,-14.300000000000004,14.300000000000004
37.0,Mon,2020-07-20,18:00,Brighton,0.8,0–0,0.9,Newcastle Utd,,The American Express Community Stadium,Simon Hooper,Match Report,,0.0,0.0,Brighton,Newcastle Utd,45.4,55.0,-15.0,41.0,35.5,65.6,-20.0,44.0,-0.09999999999999998,False,9.899999999999999,-9.899999999999999
37.0,Mon,2020-07-20,18:00,Sheffield Utd,0.5,0–1,0.4,Everton,,Bramall Lane,Stuart Attwell,Match Report,,0.0,1.0,Sheffield Utd,Everton,43.0,51.0,0.0,54.0,50.8,48.3,-12.0,49.0,0.09999999999999998,True,-7.799999999999997,7.799999999999997
37.0,Mon,2020-07-20,20:15,Wolves,1.5,2–0,0.4,Crystal Palace,,Molineux Stadium,Peter Bankes,Match Report,,2.0,0.0,Wolves,Crystal Palace,54.1,38.0,11.0,59.0,35.8,57.0,-19.0,43.0,1.1,False,18.300000000000004,-18.300000000000004
37.0,Tue,2020-07-21,18:00,Watford,0.1,0–4,3.3,Manchester City,,Vicarage Road Stadium,Michael Oliver,Match Report,,0.0,4.0,Watford,Manchester City,48.9,58.1,-28.0,34.0,92.0,36.2,67.0,81.0,-3.1999999999999997,False,-43.1,43.1
37.0,Tue,2020-07-21,20:15,Aston Villa,0.6,1–0,0.6,Arsenal,,Villa Park,Chris Kavanagh,Match Report,,1.0,0.0,Aston Villa,Arsenal,44.3,67.8,-26.0,35.0,47.0,55.3,8.0,56.0,0.0,False,-2.700000000000003,2.700000000000003
37.0,Wed,2020-07-22,18:00,Manchester Utd,0.6,1–1,1.5,West Ham,,Old Trafford,Paul Tierney,Match Report,,1.0,1.0,Manchester Utd,West Ham,62.2,37.7,30.0,66.0,48.6,63.8,-13.0,39.0,-0.9,False,13.600000000000001,-13.600000000000001
37.0,Wed,2020-07-22,20:15,Liverpool,1.7,5–3,2.4,Chelsea,,Anfield,Andre Marriner,Match Report,,5.0,3.0,Liverpool,Chelsea,68.9,37.7,52.0,99.0,69.2,38.6,15.0,66.0,-0.7,True,-0.29999999999999716,0.29999999999999716
,,,,,,,,,,,,,,,,,,,,,,,,,,,False,,
38.0,Sun,2020-07-26,16:00,Everton,1.7,1–3,1.5,Bournemouth,,Goodison Park,Chris Kavanagh,Match Report,,1.0,3.0,Everton,Bournemouth,50.8,48.3,-12.0,49.0,44.8,62.3,-25.0,34.0,0.19999999999999996,True,6.0,-6.0
38.0,Sun,2020-07-26,16:00,Leicester City,0.8,0–2,1.3,Manchester Utd,,King Power Stadium,Martin Atkinson,Match Report,,0.0,2.0,Leicester City,Manchester Utd,62.2,45.5,26.0,62.0,62.2,37.7,30.0,66.0,-0.5,False,0.0,0.0
38.0,Sun,2020-07-26,16:00,Southampton,1.7,3–1,1.4,Sheffield Utd,,St. Mary's Stadium,Peter Bankes,Match Report,,3.0,1.0,Southampton,Sheffield Utd,56.1,52.8,-9.0,52.0,43.0,51.0,0.0,54.0,0.30000000000000004,False,13.100000000000001,-13.100000000000001
38.0,Sun,2020-07-26,16:00,Arsenal,2.3,3–2,3.7,Watford,,Emirates Stadium,Mike Dean,Match Report,,3.0,2.0,Arsenal,Watford,47.0,55.3,8.0,56.0,48.9,58.1,-28.0,34.0,-1.4000000000000004,True,-1.8999999999999986,1.8999999999999986
38.0,Sun,2020-07-26,16:00,Crystal Palace,0.8,1–1,0.3,Tottenham,,Selhurst Park,Andre Marriner,Match Report,,1.0,1.0,Crystal Palace,Tottenham,35.8,57.0,-19.0,43.0,47.9,54.2,14.0,59.0,0.5,False,-12.100000000000001,12.100000000000001
38.0,Sun,2020-07-26,16:00,Manchester City,3.2,5–0,1.0,Norwich City,,Etihad Stadium,Craig Pawson,Match Report,,5.0,0.0,Manchester City,Norwich City,92.0,36.2,67.0,81.0,37.0,66.5,-49.0,21.0,2.2,False,55.0,-55.0
38.0,Sun,2020-07-26,16:00,Chelsea,1.4,2–0,0.2,Wolves,,Stamford Bridge,Stuart Attwell,Match Report,,2.0,0.0,Chelsea,Wolves,69.2,38.6,15.0,66.0,54.1,38.0,11.0,59.0,1.2,False,15.100000000000001,-15.100000000000001
38.0,Sun,2020-07-26,16:00,West Ham,0.9,1–1,1.0,Aston Villa,,London Stadium,Michael Oliver,Match Report,,1.0,1.0,West Ham,Aston Villa,48.6,63.8,-13.0,39.0,44.3,67.8,-26.0,35.0,-0.09999999999999998,False,4.300000000000004,-4.300000000000004
38.0,Sun,2020-07-26,16:00,Newcastle Utd,0.1,1–3,0.6,Liverpool,,St. James' Park,Anthony Taylor,Match Report,,1.0,3.0,Newcastle Utd,Liverpool,35.5,65.6,-20.0,44.0,68.9,37.7,52.0,99.0,-0.5,False,-33.400000000000006,33.400000000000006
38.0,Sun,2020-07-26,16:00,Burnley,1.7,1–2,1.2,Brighton,,Turf Moor,Jonathan Moss,Match Report,,1.0,2.0,Burnley,Brighton,47.4,49.8,-7.0,54.0,45.4,55.0,-15.0,41.0,0.5,True,2.0,-2.0
